source,output,grade,augmented
C:\Users\MithunvelKL\PycharmProjects\Tile_Sorting\data\roboflow_dataset\3A\dslr__DSC_0022.jpg,C:\Users\MithunvelKL\PycharmProjects\Tile_Sorting\data\roboflow_dataset_augmented\3A\dslr__DSC_0022.jpg,3A,False
C:\Users\MithunvelKL\PycharmProjects\Tile_Sorting\data\roboflow_dataset\3A\dslr__DSC_0022.jpg,C:\Users\MithunvelKL\PycharmProjects\Tile_Sorting\data\roboflow_dataset_augmented\3A\dslr__DSC_0022_aug0.jpg,3A,True
C:\Users\MithunvelKL\PycharmProjects\Tile_Sorting\data\roboflow_dataset\3A\dslr__DSC_0022.jpg,C:\Users\MithunvelKL\PycharmProjects\Tile_Sorting\data\roboflow_dataset_augmented\3A\dslr__DSC_0022_aug1.jpg,3A,True
C:\Users\MithunvelKL\PycharmProjects\Tile_Sorting\data\roboflow_dataset\3A\dslr__DSC_0023.jpg,C:\Users\MithunvelKL\PycharmProjects\Tile_Sorting\data\roboflow_dataset_augmented\3A\dslr__DSC_0023.jpg,3A,False
C:\Users\MithunvelKL\PycharmProjects\Tile_Sorting\data\roboflow_dataset\3A\dslr__DSC_0023.jpg,C:\Users\MithunvelKL\PycharmProjects\Tile_Sorting\data\roboflow_dataset_augmented\3A\dslr__DSC_0023_aug0.jpg,3A,True
C:\Users\MithunvelKL\PycharmProjects\Tile_Sorting\data\roboflow_dataset\3A\dslr__DSC_0023.jpg,C:\Users\MithunvelKL\PycharmProjects\Tile_Sorting\data\roboflow_dataset_augmented\3A\dslr__DSC_0023_aug1.jpg,3A,True
C:\Users\MithunvelKL\PycharmProjects\Tile_Sorting\data\roboflow_dataset\3A\dslr__DSC_0024-1.jpg,C:\Users\MithunvelKL\PycharmProjects\Tile_Sorting\data\roboflow_dataset_augmented\3A\dslr__DSC_0024-1.jpg,3A,False
C:\Users\MithunvelKL\PycharmProjects\Tile_Sorting\data\roboflow_dataset\3A\dslr__DSC_0024-1.jpg,C:\Users\MithunvelKL\PycharmProjects\Tile_Sorting\data\roboflow_dataset_augmented\3A\dslr__DSC_0024-1_aug0.jpg,3A,True
C:\Users\MithunvelKL\PycharmProjects\Tile_Sorting\data\roboflow_dataset\3A\dslr__DSC_0024.jpg,C:\Users\MithunvelKL\PycharmProjects\Tile_Sorting\data\roboflow_dataset_augmented\3A\dslr__DSC_0024.jpg,3A,False
C:\Users\MithunvelKL\PycharmProjects\Tile_Sorting\data\roboflow_dataset\3A\dslr__DSC_0024.jpg,C:\Users\MithunvelKL\PycharmProjects\Tile_Sorting\data\roboflow_dataset_augmented\3A\dslr__DSC_0024_aug0.jpg,3A,True
C:\Users\MithunvelKL\PycharmProjects\Tile_Sorting\data\roboflow_dataset\3A\dslr__DSC_0026.jpg,C:\Users\MithunvelKL\PycharmProjects\Tile_Sorting\data\roboflow_dataset_augmented\3A\dslr__DSC_0026.jpg,3A,False
C:\Users\MithunvelKL\PycharmProjects\Tile_Sorting\data\roboflow_dataset\3A\dslr__DSC_0026.jpg,C:\Users\MithunvelKL\PycharmProjects\Tile_Sorting\data\roboflow_dataset_augmented\3A\dslr__DSC_0026_aug0.jpg,3A,True
C:\Users\MithunvelKL\PycharmProjects\Tile_Sorting\data\roboflow_dataset\3A\dslr__DSC_0026.jpg,C:\Users\MithunvelKL\PycharmProjects\Tile_Sorting\data\roboflow_dataset_augmented\3A\dslr__DSC_0026_aug1.jpg,3A,True
C:\Users\MithunvelKL\PycharmProjects\Tile_Sorting\data\roboflow_dataset\3A\dslr__DSC_0027.jpg,C:\Users\MithunvelKL\PycharmProjects\Tile_Sorting\data\roboflow_dataset_augmented\3A\dslr__DSC_0027.jpg,3A,False
C:\Users\MithunvelKL\PycharmProjects\Tile_Sorting\data\roboflow_dataset\3A\dslr__DSC_0027.jpg,C:\Users\MithunvelKL\PycharmProjects\Tile_Sorting\data\roboflow_dataset_augmented\3A\dslr__DSC_0027_aug0.jpg,3A,True
C:\Users\MithunvelKL\PycharmProjects\Tile_Sorting\data\roboflow_dataset\3A\dslr__DSC_0027.jpg,C:\Users\MithunvelKL\PycharmProjects\Tile_Sorting\data\roboflow_dataset_augmented\3A\dslr__DSC_0027_aug1.jpg,3A,True
C:\Users\MithunvelKL\PycharmProjects\Tile_Sorting\data\roboflow_dataset\3A\dslr__DSC_0028.jpg,C:\Users\MithunvelKL\PycharmProjects\Tile_Sorting\data\roboflow_dataset_augmented\3A\dslr__DSC_0028.jpg,3A,False
C:\Users\MithunvelKL\PycharmProjects\Tile_Sorting\data\roboflow_dataset\3A\dslr__DSC_0028.jpg,C:\Users\MithunvelKL\PycharmProjects\Tile_Sorting\data\roboflow_dataset_augmented\3A\dslr__DSC_0028_aug0.jpg,3A,True
C:\Users\MithunvelKL\PycharmProjects\Tile_Sorting\data\roboflow_dataset\3A\dslr__DSC_0028.jpg,C:\Users\MithunvelKL\PycharmProjects\Tile_Sorting\data\roboflow_dataset_augmented\3A\dslr__DSC_0028_aug1.jpg,3A,True
C:\Users\MithunvelKL\PycharmProjects\Tile_Sorting\data\roboflow_dataset\3A\dslr__DSC_0029.jpg,C:\Users\MithunvelKL\PycharmProjects\Tile_Sorting\data\roboflow_dataset_augmented\3A\dslr__DSC_0029.jpg,3A,False
C:\Users\MithunvelKL\PycharmProjects\Tile_Sorting\data\roboflow_dataset\3A\dslr__DSC_0029.jpg,C:\Users\MithunvelKL\PycharmProjects\Tile_Sorting\data\roboflow_dataset_augmented\3A\dslr__DSC_0029_aug0.jpg,3A,True
C:\Users\MithunvelKL\PycharmProjects\Tile_Sorting\data\roboflow_dataset\3A\dslr__DSC_0029.jpg,C:\Users\MithunvelKL\PycharmProjects\Tile_Sorting\data\roboflow_dataset_augmented\3A\dslr__DSC_0029_aug1.jpg,3A,True
C:\Users\MithunvelKL\PycharmProjects\Tile_Sorting\data\roboflow_dataset\3A\dslr__DSC_0030.jpg,C:\Users\MithunvelKL\PycharmProjects\Tile_Sorting\data\roboflow_dataset_augmented\3A\dslr__DSC_0030.jpg,3A,False
C:\Users\MithunvelKL\PycharmProjects\Tile_Sorting\data\roboflow_dataset\3A\dslr__DSC_0030.jpg,C:\Users\MithunvelKL\PycharmProjects\Tile_Sorting\data\roboflow_dataset_augmented\3A\dslr__DSC_0030_aug0.jpg,3A,True
C:\Users\MithunvelKL\PycharmProjects\Tile_Sorting\data\roboflow_dataset\3A\dslr__DSC_0030.jpg,C:\Users\MithunvelKL\PycharmProjects\Tile_Sorting\data\roboflow_dataset_augmented\3A\dslr__DSC_0030_aug1.jpg,3A,True
C:\Users\MithunvelKL\PycharmProjects\Tile_Sorting\data\roboflow_dataset\3A\dslr__DSC_0031.jpg,C:\Users\MithunvelKL\PycharmProjects\Tile_Sorting\data\roboflow_dataset_augmented\3A\dslr__DSC_0031.jpg,3A,False
C:\Users\MithunvelKL\PycharmProjects\Tile_Sorting\data\roboflow_dataset\3A\dslr__DSC_0031.jpg,C:\Users\MithunvelKL\PycharmProjects\Tile_Sorting\data\roboflow_dataset_augmented\3A\dslr__DSC_0031_aug0.jpg,3A,True
C:\Users\MithunvelKL\PycharmProjects\Tile_Sorting\data\roboflow_dataset\3A\dslr__DSC_0031.jpg,C:\Users\MithunvelKL\PycharmProjects\Tile_Sorting\data\roboflow_dataset_augmented\3A\dslr__DSC_0031_aug1.jpg,3A,True
C:\Users\MithunvelKL\PycharmProjects\Tile_Sorting\data\roboflow_dataset\3A\dslr__DSC_0032.jpg,C:\Users\MithunvelKL\PycharmProjects\Tile_Sorting\data\roboflow_dataset_augmented\3A\dslr__DSC_0032.jpg,3A,False
C:\Users\MithunvelKL\PycharmProjects\Tile_Sorting\data\roboflow_dataset\3A\dslr__DSC_0032.jpg,C:\Users\MithunvelKL\PycharmProjects\Tile_Sorting\data\roboflow_dataset_augmented\3A\dslr__DSC_0032_aug0.jpg,3A,True
C:\Users\MithunvelKL\PycharmProjects\Tile_Sorting\data\roboflow_dataset\3A\dslr__DSC_0032.jpg,C:\Users\MithunvelKL\PycharmProjects\Tile_Sorting\data\roboflow_dataset_augmented\3A\dslr__DSC_0032_aug1.jpg,3A,True
C:\Users\MithunvelKL\PycharmProjects\Tile_Sorting\data\roboflow_dataset\3A\dslr__DSC_0033.jpg,C:\Users\MithunvelKL\PycharmProjects\Tile_Sorting\data\roboflow_dataset_augmented\3A\dslr__DSC_0033.jpg,3A,False
C:\Users\MithunvelKL\PycharmProjects\Tile_Sorting\data\roboflow_dataset\3A\dslr__DSC_0033.jpg,C:\Users\MithunvelKL\PycharmProjects\Tile_Sorting\data\roboflow_dataset_augmented\3A\dslr__DSC_0033_aug0.jpg,3A,True
C:\Users\MithunvelKL\PycharmProjects\Tile_Sorting\data\roboflow_dataset\3A\dslr__DSC_0033.jpg,C:\Users\MithunvelKL\PycharmProjects\Tile_Sorting\data\roboflow_dataset_augmented\3A\dslr__DSC_0033_aug1.jpg,3A,True
C:\Users\MithunvelKL\PycharmProjects\Tile_Sorting\data\roboflow_dataset\3A\dslr__DSC_0034.jpg,C:\Users\MithunvelKL\PycharmProjects\Tile_Sorting\data\roboflow_dataset_augmented\3A\dslr__DSC_0034.jpg,3A,False
C:\Users\MithunvelKL\PycharmProjects\Tile_Sorting\data\roboflow_dataset\3A\dslr__DSC_0034.jpg,C:\Users\MithunvelKL\PycharmProjects\Tile_Sorting\data\roboflow_dataset_augmented\3A\dslr__DSC_0034_aug0.jpg,3A,True
C:\Users\MithunvelKL\PycharmProjects\Tile_Sorting\data\roboflow_dataset\3A\dslr__DSC_0035.jpg,C:\Users\MithunvelKL\PycharmProjects\Tile_Sorting\data\roboflow_dataset_augmented\3A\dslr__DSC_0035.jpg,3A,False
C:\Users\MithunvelKL\PycharmProjects\Tile_Sorting\data\roboflow_dataset\3A\dslr__DSC_0035.jpg,C:\Users\MithunvelKL\PycharmProjects\Tile_Sorting\data\roboflow_dataset_augmented\3A\dslr__DSC_0035_aug0.jpg,3A,True
C:\Users\MithunvelKL\PycharmProjects\Tile_Sorting\data\roboflow_dataset\3A\dslr__DSC_0036.jpg,C:\Users\MithunvelKL\PycharmProjects\Tile_Sorting\data\roboflow_dataset_augmented\3A\dslr__DSC_0036.jpg,3A,False
C:\Users\MithunvelKL\PycharmProjects\Tile_Sorting\data\roboflow_dataset\3A\dslr__DSC_0036.jpg,C:\Users\MithunvelKL\PycharmProjects\Tile_Sorting\data\roboflow_dataset_augmented\3A\dslr__DSC_0036_aug0.jpg,3A,True
C:\Users\MithunvelKL\PycharmProjects\Tile_Sorting\data\roboflow_dataset\3A\dslr__DSC_0036.jpg,C:\Users\MithunvelKL\PycharmProjects\Tile_Sorting\data\roboflow_dataset_augmented\3A\dslr__DSC_0036_aug1.jpg,3A,True
C:\Users\MithunvelKL\PycharmProjects\Tile_Sorting\data\roboflow_dataset\3A\dslr__DSC_0037.jpg,C:\Users\MithunvelKL\PycharmProjects\Tile_Sorting\data\roboflow_dataset_augmented\3A\dslr__DSC_0037.jpg,3A,False
C:\Users\MithunvelKL\PycharmProjects\Tile_Sorting\data\roboflow_dataset\3A\dslr__DSC_0037.jpg,C:\Users\MithunvelKL\PycharmProjects\Tile_Sorting\data\roboflow_dataset_augmented\3A\dslr__DSC_0037_aug0.jpg,3A,True
C:\Users\MithunvelKL\PycharmProjects\Tile_Sorting\data\roboflow_dataset\3A\dslr__DSC_0038.jpg,C:\Users\MithunvelKL\PycharmProjects\Tile_Sorting\data\roboflow_dataset_augmented\3A\dslr__DSC_0038.jpg,3A,False
C:\Users\MithunvelKL\PycharmProjects\Tile_Sorting\data\roboflow_dataset\3A\dslr__DSC_0038.jpg,C:\Users\MithunvelKL\PycharmProjects\Tile_Sorting\data\roboflow_dataset_augmented\3A\dslr__DSC_0038_aug0.jpg,3A,True
C:\Users\MithunvelKL\PycharmProjects\Tile_Sorting\data\roboflow_dataset\3A\dslr__DSC_0039.jpg,C:\Users\MithunvelKL\PycharmProjects\Tile_Sorting\data\roboflow_dataset_augmented\3A\dslr__DSC_0039.jpg,3A,False
C:\Users\MithunvelKL\PycharmProjects\Tile_Sorting\data\roboflow_dataset\3A\dslr__DSC_0039.jpg,C:\Users\MithunvelKL\PycharmProjects\Tile_Sorting\data\roboflow_dataset_augmented\3A\dslr__DSC_0039_aug0.jpg,3A,True
C:\Users\MithunvelKL\PycharmProjects\Tile_Sorting\data\roboflow_dataset\3A\dslr__DSC_0039.jpg,C:\Users\MithunvelKL\PycharmProjects\Tile_Sorting\data\roboflow_dataset_augmented\3A\dslr__DSC_0039_aug1.jpg,3A,True
C:\Users\MithunvelKL\PycharmProjects\Tile_Sorting\data\roboflow_dataset\3A\dslr__DSC_0040.jpg,C:\Users\MithunvelKL\PycharmProjects\Tile_Sorting\data\roboflow_dataset_augmented\3A\dslr__DSC_0040.jpg,3A,False
C:\Users\MithunvelKL\PycharmProjects\Tile_Sorting\data\roboflow_dataset\3A\dslr__DSC_0040.jpg,C:\Users\MithunvelKL\PycharmProjects\Tile_Sorting\data\roboflow_dataset_augmented\3A\dslr__DSC_0040_aug0.jpg,3A,True
C:\Users\MithunvelKL\PycharmProjects\Tile_Sorting\data\roboflow_dataset\3A\dslr__DSC_0040.jpg,C:\Users\MithunvelKL\PycharmProjects\Tile_Sorting\data\roboflow_dataset_augmented\3A\dslr__DSC_0040_aug1.jpg,3A,True
C:\Users\MithunvelKL\PycharmProjects\Tile_Sorting\data\roboflow_dataset\3A\dslr__DSC_0041.jpg,C:\Users\MithunvelKL\PycharmProjects\Tile_Sorting\data\roboflow_dataset_augmented\3A\dslr__DSC_0041.jpg,3A,False
C:\Users\MithunvelKL\PycharmProjects\Tile_Sorting\data\roboflow_dataset\3A\dslr__DSC_0041.jpg,C:\Users\MithunvelKL\PycharmProjects\Tile_Sorting\data\roboflow_dataset_augmented\3A\dslr__DSC_0041_aug0.jpg,3A,True
C:\Users\MithunvelKL\PycharmProjects\Tile_Sorting\data\roboflow_dataset\3A\dslr__DSC_0041.jpg,C:\Users\MithunvelKL\PycharmProjects\Tile_Sorting\data\roboflow_dataset_augmented\3A\dslr__DSC_0041_aug1.jpg,3A,True
C:\Users\MithunvelKL\PycharmProjects\Tile_Sorting\data\roboflow_dataset\3A\dslr__DSC_0042.jpg,C:\Users\MithunvelKL\PycharmProjects\Tile_Sorting\data\roboflow_dataset_augmented\3A\dslr__DSC_0042.jpg,3A,False
C:\Users\MithunvelKL\PycharmProjects\Tile_Sorting\data\roboflow_dataset\3A\dslr__DSC_0042.jpg,C:\Users\MithunvelKL\PycharmProjects\Tile_Sorting\data\roboflow_dataset_augmented\3A\dslr__DSC_0042_aug0.jpg,3A,True
C:\Users\MithunvelKL\PycharmProjects\Tile_Sorting\data\roboflow_dataset\3A\dslr__DSC_0042.jpg,C:\Users\MithunvelKL\PycharmProjects\Tile_Sorting\data\roboflow_dataset_augmented\3A\dslr__DSC_0042_aug1.jpg,3A,True
C:\Users\MithunvelKL\PycharmProjects\Tile_Sorting\data\roboflow_dataset\3A\dslr__DSC_0043-1.jpg,C:\Users\MithunvelKL\PycharmProjects\Tile_Sorting\data\roboflow_dataset_augmented\3A\dslr__DSC_0043-1.jpg,3A,False
C:\Users\MithunvelKL\PycharmProjects\Tile_Sorting\data\roboflow_dataset\3A\dslr__DSC_0043-1.jpg,C:\Users\MithunvelKL\PycharmProjects\Tile_Sorting\data\roboflow_dataset_augmented\3A\dslr__DSC_0043-1_aug0.jpg,3A,True
C:\Users\MithunvelKL\PycharmProjects\Tile_Sorting\data\roboflow_dataset\3A\dslr__DSC_0043-1.jpg,C:\Users\MithunvelKL\PycharmProjects\Tile_Sorting\data\roboflow_dataset_augmented\3A\dslr__DSC_0043-1_aug1.jpg,3A,True
C:\Users\MithunvelKL\PycharmProjects\Tile_Sorting\data\roboflow_dataset\3A\dslr__DSC_0043.jpg,C:\Users\MithunvelKL\PycharmProjects\Tile_Sorting\data\roboflow_dataset_augmented\3A\dslr__DSC_0043.jpg,3A,False
C:\Users\MithunvelKL\PycharmProjects\Tile_Sorting\data\roboflow_dataset\3A\dslr__DSC_0043.jpg,C:\Users\MithunvelKL\PycharmProjects\Tile_Sorting\data\roboflow_dataset_augmented\3A\dslr__DSC_0043_aug0.jpg,3A,True
C:\Users\MithunvelKL\PycharmProjects\Tile_Sorting\data\roboflow_dataset\3A\dslr__DSC_0044.jpg,C:\Users\MithunvelKL\PycharmProjects\Tile_Sorting\data\roboflow_dataset_augmented\3A\dslr__DSC_0044.jpg,3A,False
C:\Users\MithunvelKL\PycharmProjects\Tile_Sorting\data\roboflow_dataset\3A\dslr__DSC_0044.jpg,C:\Users\MithunvelKL\PycharmProjects\Tile_Sorting\data\roboflow_dataset_augmented\3A\dslr__DSC_0044_aug0.jpg,3A,True
C:\Users\MithunvelKL\PycharmProjects\Tile_Sorting\data\roboflow_dataset\3A\dslr__DSC_0046.jpg,C:\Users\MithunvelKL\PycharmProjects\Tile_Sorting\data\roboflow_dataset_augmented\3A\dslr__DSC_0046.jpg,3A,False
C:\Users\MithunvelKL\PycharmProjects\Tile_Sorting\data\roboflow_dataset\3A\dslr__DSC_0046.jpg,C:\Users\MithunvelKL\PycharmProjects\Tile_Sorting\data\roboflow_dataset_augmented\3A\dslr__DSC_0046_aug0.jpg,3A,True
C:\Users\MithunvelKL\PycharmProjects\Tile_Sorting\data\roboflow_dataset\3A\dslr__DSC_0047.jpg,C:\Users\MithunvelKL\PycharmProjects\Tile_Sorting\data\roboflow_dataset_augmented\3A\dslr__DSC_0047.jpg,3A,False
C:\Users\MithunvelKL\PycharmProjects\Tile_Sorting\data\roboflow_dataset\3A\dslr__DSC_0047.jpg,C:\Users\MithunvelKL\PycharmProjects\Tile_Sorting\data\roboflow_dataset_augmented\3A\dslr__DSC_0047_aug0.jpg,3A,True
C:\Users\MithunvelKL\PycharmProjects\Tile_Sorting\data\roboflow_dataset\3A\dslr__DSC_0047.jpg,C:\Users\MithunvelKL\PycharmProjects\Tile_Sorting\data\roboflow_dataset_augmented\3A\dslr__DSC_0047_aug1.jpg,3A,True
C:\Users\MithunvelKL\PycharmProjects\Tile_Sorting\data\roboflow_dataset\3A\dslr__DSC_0048.jpg,C:\Users\MithunvelKL\PycharmProjects\Tile_Sorting\data\roboflow_dataset_augmented\3A\dslr__DSC_0048.jpg,3A,False
C:\Users\MithunvelKL\PycharmProjects\Tile_Sorting\data\roboflow_dataset\3A\dslr__DSC_0048.jpg,C:\Users\MithunvelKL\PycharmProjects\Tile_Sorting\data\roboflow_dataset_augmented\3A\dslr__DSC_0048_aug0.jpg,3A,True
C:\Users\MithunvelKL\PycharmProjects\Tile_Sorting\data\roboflow_dataset\3A\dslr__DSC_0048.jpg,C:\Users\MithunvelKL\PycharmProjects\Tile_Sorting\data\roboflow_dataset_augmented\3A\dslr__DSC_0048_aug1.jpg,3A,True
C:\Users\MithunvelKL\PycharmProjects\Tile_Sorting\data\roboflow_dataset\3A\dslr__DSC_0049.jpg,C:\Users\MithunvelKL\PycharmProjects\Tile_Sorting\data\roboflow_dataset_augmented\3A\dslr__DSC_0049.jpg,3A,False
C:\Users\MithunvelKL\PycharmProjects\Tile_Sorting\data\roboflow_dataset\3A\dslr__DSC_0049.jpg,C:\Users\MithunvelKL\PycharmProjects\Tile_Sorting\data\roboflow_dataset_augmented\3A\dslr__DSC_0049_aug0.jpg,3A,True
C:\Users\MithunvelKL\PycharmProjects\Tile_Sorting\data\roboflow_dataset\3A\dslr__DSC_0049.jpg,C:\Users\MithunvelKL\PycharmProjects\Tile_Sorting\data\roboflow_dataset_augmented\3A\dslr__DSC_0049_aug1.jpg,3A,True
C:\Users\MithunvelKL\PycharmProjects\Tile_Sorting\data\roboflow_dataset\3A\dslr__DSC_0050.jpg,C:\Users\MithunvelKL\PycharmProjects\Tile_Sorting\data\roboflow_dataset_augmented\3A\dslr__DSC_0050.jpg,3A,False
C:\Users\MithunvelKL\PycharmProjects\Tile_Sorting\data\roboflow_dataset\3A\dslr__DSC_0050.jpg,C:\Users\MithunvelKL\PycharmProjects\Tile_Sorting\data\roboflow_dataset_augmented\3A\dslr__DSC_0050_aug0.jpg,3A,True
C:\Users\MithunvelKL\PycharmProjects\Tile_Sorting\data\roboflow_dataset\3A\dslr__DSC_0051.jpg,C:\Users\MithunvelKL\PycharmProjects\Tile_Sorting\data\roboflow_dataset_augmented\3A\dslr__DSC_0051.jpg,3A,False
C:\Users\MithunvelKL\PycharmProjects\Tile_Sorting\data\roboflow_dataset\3A\dslr__DSC_0051.jpg,C:\Users\MithunvelKL\PycharmProjects\Tile_Sorting\data\roboflow_dataset_augmented\3A\dslr__DSC_0051_aug0.jpg,3A,True
C:\Users\MithunvelKL\PycharmProjects\Tile_Sorting\data\roboflow_dataset\3A\dslr__DSC_0051.jpg,C:\Users\MithunvelKL\PycharmProjects\Tile_Sorting\data\roboflow_dataset_augmented\3A\dslr__DSC_0051_aug1.jpg,3A,True
C:\Users\MithunvelKL\PycharmProjects\Tile_Sorting\data\roboflow_dataset\3A\dslr__DSC_0052.jpg,C:\Users\MithunvelKL\PycharmProjects\Tile_Sorting\data\roboflow_dataset_augmented\3A\dslr__DSC_0052.jpg,3A,False
C:\Users\MithunvelKL\PycharmProjects\Tile_Sorting\data\roboflow_dataset\3A\dslr__DSC_0052.jpg,C:\Users\MithunvelKL\PycharmProjects\Tile_Sorting\data\roboflow_dataset_augmented\3A\dslr__DSC_0052_aug0.jpg,3A,True
C:\Users\MithunvelKL\PycharmProjects\Tile_Sorting\data\roboflow_dataset\3A\dslr__DSC_0052.jpg,C:\Users\MithunvelKL\PycharmProjects\Tile_Sorting\data\roboflow_dataset_augmented\3A\dslr__DSC_0052_aug1.jpg,3A,True
C:\Users\MithunvelKL\PycharmProjects\Tile_Sorting\data\roboflow_dataset\3A\dslr__DSC_0053.jpg,C:\Users\MithunvelKL\PycharmProjects\Tile_Sorting\data\roboflow_dataset_augmented\3A\dslr__DSC_0053.jpg,3A,False
C:\Users\MithunvelKL\PycharmProjects\Tile_Sorting\data\roboflow_dataset\3A\dslr__DSC_0053.jpg,C:\Users\MithunvelKL\PycharmProjects\Tile_Sorting\data\roboflow_dataset_augmented\3A\dslr__DSC_0053_aug0.jpg,3A,True
C:\Users\MithunvelKL\PycharmProjects\Tile_Sorting\data\roboflow_dataset\3A\dslr__DSC_0053.jpg,C:\Users\MithunvelKL\PycharmProjects\Tile_Sorting\data\roboflow_dataset_augmented\3A\dslr__DSC_0053_aug1.jpg,3A,True
C:\Users\MithunvelKL\PycharmProjects\Tile_Sorting\data\roboflow_dataset\3A\dslr__DSC_0054.jpg,C:\Users\MithunvelKL\PycharmProjects\Tile_Sorting\data\roboflow_dataset_augmented\3A\dslr__DSC_0054.jpg,3A,False
C:\Users\MithunvelKL\PycharmProjects\Tile_Sorting\data\roboflow_dataset\3A\dslr__DSC_0054.jpg,C:\Users\MithunvelKL\PycharmProjects\Tile_Sorting\data\roboflow_dataset_augmented\3A\dslr__DSC_0054_aug0.jpg,3A,True
C:\Users\MithunvelKL\PycharmProjects\Tile_Sorting\data\roboflow_dataset\3A\dslr__DSC_0055.jpg,C:\Users\MithunvelKL\PycharmProjects\Tile_Sorting\data\roboflow_dataset_augmented\3A\dslr__DSC_0055.jpg,3A,False
C:\Users\MithunvelKL\PycharmProjects\Tile_Sorting\data\roboflow_dataset\3A\dslr__DSC_0055.jpg,C:\Users\MithunvelKL\PycharmProjects\Tile_Sorting\data\roboflow_dataset_augmented\3A\dslr__DSC_0055_aug0.jpg,3A,True
C:\Users\MithunvelKL\PycharmProjects\Tile_Sorting\data\roboflow_dataset\3A\dslr__DSC_0056.jpg,C:\Users\MithunvelKL\PycharmProjects\Tile_Sorting\data\roboflow_dataset_augmented\3A\dslr__DSC_0056.jpg,3A,False
C:\Users\MithunvelKL\PycharmProjects\Tile_Sorting\data\roboflow_dataset\3A\dslr__DSC_0056.jpg,C:\Users\MithunvelKL\PycharmProjects\Tile_Sorting\data\roboflow_dataset_augmented\3A\dslr__DSC_0056_aug0.jpg,3A,True
C:\Users\MithunvelKL\PycharmProjects\Tile_Sorting\data\roboflow_dataset\3A\dslr__DSC_0056.jpg,C:\Users\MithunvelKL\PycharmProjects\Tile_Sorting\data\roboflow_dataset_augmented\3A\dslr__DSC_0056_aug1.jpg,3A,True
C:\Users\MithunvelKL\PycharmProjects\Tile_Sorting\data\roboflow_dataset\3A\dslr__DSC_0057.jpg,C:\Users\MithunvelKL\PycharmProjects\Tile_Sorting\data\roboflow_dataset_augmented\3A\dslr__DSC_0057.jpg,3A,False
C:\Users\MithunvelKL\PycharmProjects\Tile_Sorting\data\roboflow_dataset\3A\dslr__DSC_0057.jpg,C:\Users\MithunvelKL\PycharmProjects\Tile_Sorting\data\roboflow_dataset_augmented\3A\dslr__DSC_0057_aug0.jpg,3A,True
C:\Users\MithunvelKL\PycharmProjects\Tile_Sorting\data\roboflow_dataset\3A\dslr__DSC_0058.jpg,C:\Users\MithunvelKL\PycharmProjects\Tile_Sorting\data\roboflow_dataset_augmented\3A\dslr__DSC_0058.jpg,3A,False
C:\Users\MithunvelKL\PycharmProjects\Tile_Sorting\data\roboflow_dataset\3A\dslr__DSC_0058.jpg,C:\Users\MithunvelKL\PycharmProjects\Tile_Sorting\data\roboflow_dataset_augmented\3A\dslr__DSC_0058_aug0.jpg,3A,True
C:\Users\MithunvelKL\PycharmProjects\Tile_Sorting\data\roboflow_dataset\3A\dslr__DSC_0059.jpg,C:\Users\MithunvelKL\PycharmProjects\Tile_Sorting\data\roboflow_dataset_augmented\3A\dslr__DSC_0059.jpg,3A,False
C:\Users\MithunvelKL\PycharmProjects\Tile_Sorting\data\roboflow_dataset\3A\dslr__DSC_0059.jpg,C:\Users\MithunvelKL\PycharmProjects\Tile_Sorting\data\roboflow_dataset_augmented\3A\dslr__DSC_0059_aug0.jpg,3A,True
C:\Users\MithunvelKL\PycharmProjects\Tile_Sorting\data\roboflow_dataset\3A\dslr__DSC_0059.jpg,C:\Users\MithunvelKL\PycharmProjects\Tile_Sorting\data\roboflow_dataset_augmented\3A\dslr__DSC_0059_aug1.jpg,3A,True
C:\Users\MithunvelKL\PycharmProjects\Tile_Sorting\data\roboflow_dataset\3A\dslr__DSC_0060.jpg,C:\Users\MithunvelKL\PycharmProjects\Tile_Sorting\data\roboflow_dataset_augmented\3A\dslr__DSC_0060.jpg,3A,False
C:\Users\MithunvelKL\PycharmProjects\Tile_Sorting\data\roboflow_dataset\3A\dslr__DSC_0060.jpg,C:\Users\MithunvelKL\PycharmProjects\Tile_Sorting\data\roboflow_dataset_augmented\3A\dslr__DSC_0060_aug0.jpg,3A,True
C:\Users\MithunvelKL\PycharmProjects\Tile_Sorting\data\roboflow_dataset\3A\dslr__DSC_0060.jpg,C:\Users\MithunvelKL\PycharmProjects\Tile_Sorting\data\roboflow_dataset_augmented\3A\dslr__DSC_0060_aug1.jpg,3A,True
C:\Users\MithunvelKL\PycharmProjects\Tile_Sorting\data\roboflow_dataset\3A\dslr__DSC_0061.jpg,C:\Users\MithunvelKL\PycharmProjects\Tile_Sorting\data\roboflow_dataset_augmented\3A\dslr__DSC_0061.jpg,3A,False
C:\Users\MithunvelKL\PycharmProjects\Tile_Sorting\data\roboflow_dataset\3A\dslr__DSC_0061.jpg,C:\Users\MithunvelKL\PycharmProjects\Tile_Sorting\data\roboflow_dataset_augmented\3A\dslr__DSC_0061_aug0.jpg,3A,True
C:\Users\MithunvelKL\PycharmProjects\Tile_Sorting\data\roboflow_dataset\3A\dslr__DSC_0061.jpg,C:\Users\MithunvelKL\PycharmProjects\Tile_Sorting\data\roboflow_dataset_augmented\3A\dslr__DSC_0061_aug1.jpg,3A,True
C:\Users\MithunvelKL\PycharmProjects\Tile_Sorting\data\roboflow_dataset\3A\dslr__DSC_0062.jpg,C:\Users\MithunvelKL\PycharmProjects\Tile_Sorting\data\roboflow_dataset_augmented\3A\dslr__DSC_0062.jpg,3A,False
C:\Users\MithunvelKL\PycharmProjects\Tile_Sorting\data\roboflow_dataset\3A\dslr__DSC_0062.jpg,C:\Users\MithunvelKL\PycharmProjects\Tile_Sorting\data\roboflow_dataset_augmented\3A\dslr__DSC_0062_aug0.jpg,3A,True
C:\Users\MithunvelKL\PycharmProjects\Tile_Sorting\data\roboflow_dataset\3A\dslr__DSC_0063.jpg,C:\Users\MithunvelKL\PycharmProjects\Tile_Sorting\data\roboflow_dataset_augmented\3A\dslr__DSC_0063.jpg,3A,False
C:\Users\MithunvelKL\PycharmProjects\Tile_Sorting\data\roboflow_dataset\3A\dslr__DSC_0063.jpg,C:\Users\MithunvelKL\PycharmProjects\Tile_Sorting\data\roboflow_dataset_augmented\3A\dslr__DSC_0063_aug0.jpg,3A,True
C:\Users\MithunvelKL\PycharmProjects\Tile_Sorting\data\roboflow_dataset\3A\dslr__DSC_0063.jpg,C:\Users\MithunvelKL\PycharmProjects\Tile_Sorting\data\roboflow_dataset_augmented\3A\dslr__DSC_0063_aug1.jpg,3A,True
C:\Users\MithunvelKL\PycharmProjects\Tile_Sorting\data\roboflow_dataset\3A\dslr__DSC_0222.jpg,C:\Users\MithunvelKL\PycharmProjects\Tile_Sorting\data\roboflow_dataset_augmented\3A\dslr__DSC_0222.jpg,3A,False
C:\Users\MithunvelKL\PycharmProjects\Tile_Sorting\data\roboflow_dataset\3A\dslr__DSC_0222.jpg,C:\Users\MithunvelKL\PycharmProjects\Tile_Sorting\data\roboflow_dataset_augmented\3A\dslr__DSC_0222_aug0.jpg,3A,True
C:\Users\MithunvelKL\PycharmProjects\Tile_Sorting\data\roboflow_dataset\3A\dslr__DSC_0222.jpg,C:\Users\MithunvelKL\PycharmProjects\Tile_Sorting\data\roboflow_dataset_augmented\3A\dslr__DSC_0222_aug1.jpg,3A,True
C:\Users\MithunvelKL\PycharmProjects\Tile_Sorting\data\roboflow_dataset\3A\dslr__DSC_0223.jpg,C:\Users\MithunvelKL\PycharmProjects\Tile_Sorting\data\roboflow_dataset_augmented\3A\dslr__DSC_0223.jpg,3A,False
C:\Users\MithunvelKL\PycharmProjects\Tile_Sorting\data\roboflow_dataset\3A\dslr__DSC_0223.jpg,C:\Users\MithunvelKL\PycharmProjects\Tile_Sorting\data\roboflow_dataset_augmented\3A\dslr__DSC_0223_aug0.jpg,3A,True
C:\Users\MithunvelKL\PycharmProjects\Tile_Sorting\data\roboflow_dataset\3A\dslr__DSC_0223.jpg,C:\Users\MithunvelKL\PycharmProjects\Tile_Sorting\data\roboflow_dataset_augmented\3A\dslr__DSC_0223_aug1.jpg,3A,True
C:\Users\MithunvelKL\PycharmProjects\Tile_Sorting\data\roboflow_dataset\3A\dslr__DSC_0224.jpg,C:\Users\MithunvelKL\PycharmProjects\Tile_Sorting\data\roboflow_dataset_augmented\3A\dslr__DSC_0224.jpg,3A,False
C:\Users\MithunvelKL\PycharmProjects\Tile_Sorting\data\roboflow_dataset\3A\dslr__DSC_0224.jpg,C:\Users\MithunvelKL\PycharmProjects\Tile_Sorting\data\roboflow_dataset_augmented\3A\dslr__DSC_0224_aug0.jpg,3A,True
C:\Users\MithunvelKL\PycharmProjects\Tile_Sorting\data\roboflow_dataset\3A\dslr__DSC_0225.jpg,C:\Users\MithunvelKL\PycharmProjects\Tile_Sorting\data\roboflow_dataset_augmented\3A\dslr__DSC_0225.jpg,3A,False
C:\Users\MithunvelKL\PycharmProjects\Tile_Sorting\data\roboflow_dataset\3A\dslr__DSC_0225.jpg,C:\Users\MithunvelKL\PycharmProjects\Tile_Sorting\data\roboflow_dataset_augmented\3A\dslr__DSC_0225_aug0.jpg,3A,True
C:\Users\MithunvelKL\PycharmProjects\Tile_Sorting\data\roboflow_dataset\3A\dslr__DSC_0225.jpg,C:\Users\MithunvelKL\PycharmProjects\Tile_Sorting\data\roboflow_dataset_augmented\3A\dslr__DSC_0225_aug1.jpg,3A,True
C:\Users\MithunvelKL\PycharmProjects\Tile_Sorting\data\roboflow_dataset\3A\dslr__DSC_0226.jpg,C:\Users\MithunvelKL\PycharmProjects\Tile_Sorting\data\roboflow_dataset_augmented\3A\dslr__DSC_0226.jpg,3A,False
C:\Users\MithunvelKL\PycharmProjects\Tile_Sorting\data\roboflow_dataset\3A\dslr__DSC_0226.jpg,C:\Users\MithunvelKL\PycharmProjects\Tile_Sorting\data\roboflow_dataset_augmented\3A\dslr__DSC_0226_aug0.jpg,3A,True
C:\Users\MithunvelKL\PycharmProjects\Tile_Sorting\data\roboflow_dataset\3A\dslr__DSC_0227.jpg,C:\Users\MithunvelKL\PycharmProjects\Tile_Sorting\data\roboflow_dataset_augmented\3A\dslr__DSC_0227.jpg,3A,False
C:\Users\MithunvelKL\PycharmProjects\Tile_Sorting\data\roboflow_dataset\3A\dslr__DSC_0227.jpg,C:\Users\MithunvelKL\PycharmProjects\Tile_Sorting\data\roboflow_dataset_augmented\3A\dslr__DSC_0227_aug0.jpg,3A,True
C:\Users\MithunvelKL\PycharmProjects\Tile_Sorting\data\roboflow_dataset\3A\dslr__DSC_0228.jpg,C:\Users\MithunvelKL\PycharmProjects\Tile_Sorting\data\roboflow_dataset_augmented\3A\dslr__DSC_0228.jpg,3A,False
C:\Users\MithunvelKL\PycharmProjects\Tile_Sorting\data\roboflow_dataset\3A\dslr__DSC_0228.jpg,C:\Users\MithunvelKL\PycharmProjects\Tile_Sorting\data\roboflow_dataset_augmented\3A\dslr__DSC_0228_aug0.jpg,3A,True
C:\Users\MithunvelKL\PycharmProjects\Tile_Sorting\data\roboflow_dataset\3A\dslr__DSC_0228.jpg,C:\Users\MithunvelKL\PycharmProjects\Tile_Sorting\data\roboflow_dataset_augmented\3A\dslr__DSC_0228_aug1.jpg,3A,True
C:\Users\MithunvelKL\PycharmProjects\Tile_Sorting\data\roboflow_dataset\3A\dslr__DSC_0229.jpg,C:\Users\MithunvelKL\PycharmProjects\Tile_Sorting\data\roboflow_dataset_augmented\3A\dslr__DSC_0229.jpg,3A,False
C:\Users\MithunvelKL\PycharmProjects\Tile_Sorting\data\roboflow_dataset\3A\dslr__DSC_0229.jpg,C:\Users\MithunvelKL\PycharmProjects\Tile_Sorting\data\roboflow_dataset_augmented\3A\dslr__DSC_0229_aug0.jpg,3A,True
C:\Users\MithunvelKL\PycharmProjects\Tile_Sorting\data\roboflow_dataset\3A\dslr__DSC_0230.jpg,C:\Users\MithunvelKL\PycharmProjects\Tile_Sorting\data\roboflow_dataset_augmented\3A\dslr__DSC_0230.jpg,3A,False
C:\Users\MithunvelKL\PycharmProjects\Tile_Sorting\data\roboflow_dataset\3A\dslr__DSC_0230.jpg,C:\Users\MithunvelKL\PycharmProjects\Tile_Sorting\data\roboflow_dataset_augmented\3A\dslr__DSC_0230_aug0.jpg,3A,True
C:\Users\MithunvelKL\PycharmProjects\Tile_Sorting\data\roboflow_dataset\3A\dslr__DSC_0230.jpg,C:\Users\MithunvelKL\PycharmProjects\Tile_Sorting\data\roboflow_dataset_augmented\3A\dslr__DSC_0230_aug1.jpg,3A,True
C:\Users\MithunvelKL\PycharmProjects\Tile_Sorting\data\roboflow_dataset\3A\dslr__DSC_0231.jpg,C:\Users\MithunvelKL\PycharmProjects\Tile_Sorting\data\roboflow_dataset_augmented\3A\dslr__DSC_0231.jpg,3A,False
C:\Users\MithunvelKL\PycharmProjects\Tile_Sorting\data\roboflow_dataset\3A\dslr__DSC_0231.jpg,C:\Users\MithunvelKL\PycharmProjects\Tile_Sorting\data\roboflow_dataset_augmented\3A\dslr__DSC_0231_aug0.jpg,3A,True
C:\Users\MithunvelKL\PycharmProjects\Tile_Sorting\data\roboflow_dataset\3A\dslr__DSC_0232.jpg,C:\Users\MithunvelKL\PycharmProjects\Tile_Sorting\data\roboflow_dataset_augmented\3A\dslr__DSC_0232.jpg,3A,False
C:\Users\MithunvelKL\PycharmProjects\Tile_Sorting\data\roboflow_dataset\3A\dslr__DSC_0232.jpg,C:\Users\MithunvelKL\PycharmProjects\Tile_Sorting\data\roboflow_dataset_augmented\3A\dslr__DSC_0232_aug0.jpg,3A,True
C:\Users\MithunvelKL\PycharmProjects\Tile_Sorting\data\roboflow_dataset\3A\dslr__DSC_0233.jpg,C:\Users\MithunvelKL\PycharmProjects\Tile_Sorting\data\roboflow_dataset_augmented\3A\dslr__DSC_0233.jpg,3A,False
C:\Users\MithunvelKL\PycharmProjects\Tile_Sorting\data\roboflow_dataset\3A\dslr__DSC_0233.jpg,C:\Users\MithunvelKL\PycharmProjects\Tile_Sorting\data\roboflow_dataset_augmented\3A\dslr__DSC_0233_aug0.jpg,3A,True
C:\Users\MithunvelKL\PycharmProjects\Tile_Sorting\data\roboflow_dataset\3A\dslr__DSC_0233.jpg,C:\Users\MithunvelKL\PycharmProjects\Tile_Sorting\data\roboflow_dataset_augmented\3A\dslr__DSC_0233_aug1.jpg,3A,True
C:\Users\MithunvelKL\PycharmProjects\Tile_Sorting\data\roboflow_dataset\3A\dslr__DSC_0234.jpg,C:\Users\MithunvelKL\PycharmProjects\Tile_Sorting\data\roboflow_dataset_augmented\3A\dslr__DSC_0234.jpg,3A,False
C:\Users\MithunvelKL\PycharmProjects\Tile_Sorting\data\roboflow_dataset\3A\dslr__DSC_0234.jpg,C:\Users\MithunvelKL\PycharmProjects\Tile_Sorting\data\roboflow_dataset_augmented\3A\dslr__DSC_0234_aug0.jpg,3A,True
C:\Users\MithunvelKL\PycharmProjects\Tile_Sorting\data\roboflow_dataset\3A\dslr__DSC_0234.jpg,C:\Users\MithunvelKL\PycharmProjects\Tile_Sorting\data\roboflow_dataset_augmented\3A\dslr__DSC_0234_aug1.jpg,3A,True
C:\Users\MithunvelKL\PycharmProjects\Tile_Sorting\data\roboflow_dataset\3A\dslr__DSC_0235.jpg,C:\Users\MithunvelKL\PycharmProjects\Tile_Sorting\data\roboflow_dataset_augmented\3A\dslr__DSC_0235.jpg,3A,False
C:\Users\MithunvelKL\PycharmProjects\Tile_Sorting\data\roboflow_dataset\3A\dslr__DSC_0235.jpg,C:\Users\MithunvelKL\PycharmProjects\Tile_Sorting\data\roboflow_dataset_augmented\3A\dslr__DSC_0235_aug0.jpg,3A,True
C:\Users\MithunvelKL\PycharmProjects\Tile_Sorting\data\roboflow_dataset\3A\dslr__DSC_0235.jpg,C:\Users\MithunvelKL\PycharmProjects\Tile_Sorting\data\roboflow_dataset_augmented\3A\dslr__DSC_0235_aug1.jpg,3A,True
C:\Users\MithunvelKL\PycharmProjects\Tile_Sorting\data\roboflow_dataset\3A\dslr__DSC_0236.jpg,C:\Users\MithunvelKL\PycharmProjects\Tile_Sorting\data\roboflow_dataset_augmented\3A\dslr__DSC_0236.jpg,3A,False
C:\Users\MithunvelKL\PycharmProjects\Tile_Sorting\data\roboflow_dataset\3A\dslr__DSC_0236.jpg,C:\Users\MithunvelKL\PycharmProjects\Tile_Sorting\data\roboflow_dataset_augmented\3A\dslr__DSC_0236_aug0.jpg,3A,True
C:\Users\MithunvelKL\PycharmProjects\Tile_Sorting\data\roboflow_dataset\3A\dslr__DSC_0237.jpg,C:\Users\MithunvelKL\PycharmProjects\Tile_Sorting\data\roboflow_dataset_augmented\3A\dslr__DSC_0237.jpg,3A,False
C:\Users\MithunvelKL\PycharmProjects\Tile_Sorting\data\roboflow_dataset\3A\dslr__DSC_0237.jpg,C:\Users\MithunvelKL\PycharmProjects\Tile_Sorting\data\roboflow_dataset_augmented\3A\dslr__DSC_0237_aug0.jpg,3A,True
C:\Users\MithunvelKL\PycharmProjects\Tile_Sorting\data\roboflow_dataset\3A\dslr__DSC_0238.jpg,C:\Users\MithunvelKL\PycharmProjects\Tile_Sorting\data\roboflow_dataset_augmented\3A\dslr__DSC_0238.jpg,3A,False
C:\Users\MithunvelKL\PycharmProjects\Tile_Sorting\data\roboflow_dataset\3A\dslr__DSC_0238.jpg,C:\Users\MithunvelKL\PycharmProjects\Tile_Sorting\data\roboflow_dataset_augmented\3A\dslr__DSC_0238_aug0.jpg,3A,True
C:\Users\MithunvelKL\PycharmProjects\Tile_Sorting\data\roboflow_dataset\3A\dslr__DSC_0238.jpg,C:\Users\MithunvelKL\PycharmProjects\Tile_Sorting\data\roboflow_dataset_augmented\3A\dslr__DSC_0238_aug1.jpg,3A,True
C:\Users\MithunvelKL\PycharmProjects\Tile_Sorting\data\roboflow_dataset\3A\dslr__DSC_0239.jpg,C:\Users\MithunvelKL\PycharmProjects\Tile_Sorting\data\roboflow_dataset_augmented\3A\dslr__DSC_0239.jpg,3A,False
C:\Users\MithunvelKL\PycharmProjects\Tile_Sorting\data\roboflow_dataset\3A\dslr__DSC_0239.jpg,C:\Users\MithunvelKL\PycharmProjects\Tile_Sorting\data\roboflow_dataset_augmented\3A\dslr__DSC_0239_aug0.jpg,3A,True
C:\Users\MithunvelKL\PycharmProjects\Tile_Sorting\data\roboflow_dataset\3A\dslr__DSC_0239.jpg,C:\Users\MithunvelKL\PycharmProjects\Tile_Sorting\data\roboflow_dataset_augmented\3A\dslr__DSC_0239_aug1.jpg,3A,True
C:\Users\MithunvelKL\PycharmProjects\Tile_Sorting\data\roboflow_dataset\3A\dslr__DSC_0240.jpg,C:\Users\MithunvelKL\PycharmProjects\Tile_Sorting\data\roboflow_dataset_augmented\3A\dslr__DSC_0240.jpg,3A,False
C:\Users\MithunvelKL\PycharmProjects\Tile_Sorting\data\roboflow_dataset\3A\dslr__DSC_0240.jpg,C:\Users\MithunvelKL\PycharmProjects\Tile_Sorting\data\roboflow_dataset_augmented\3A\dslr__DSC_0240_aug0.jpg,3A,True
C:\Users\MithunvelKL\PycharmProjects\Tile_Sorting\data\roboflow_dataset\3A\dslr__DSC_0240.jpg,C:\Users\MithunvelKL\PycharmProjects\Tile_Sorting\data\roboflow_dataset_augmented\3A\dslr__DSC_0240_aug1.jpg,3A,True
C:\Users\MithunvelKL\PycharmProjects\Tile_Sorting\data\roboflow_dataset\3A\dslr__DSC_0241.jpg,C:\Users\MithunvelKL\PycharmProjects\Tile_Sorting\data\roboflow_dataset_augmented\3A\dslr__DSC_0241.jpg,3A,False
C:\Users\MithunvelKL\PycharmProjects\Tile_Sorting\data\roboflow_dataset\3A\dslr__DSC_0241.jpg,C:\Users\MithunvelKL\PycharmProjects\Tile_Sorting\data\roboflow_dataset_augmented\3A\dslr__DSC_0241_aug0.jpg,3A,True
C:\Users\MithunvelKL\PycharmProjects\Tile_Sorting\data\roboflow_dataset\3A\dslr__DSC_0241.jpg,C:\Users\MithunvelKL\PycharmProjects\Tile_Sorting\data\roboflow_dataset_augmented\3A\dslr__DSC_0241_aug1.jpg,3A,True
C:\Users\MithunvelKL\PycharmProjects\Tile_Sorting\data\roboflow_dataset\3A\dslr__DSC_0242.jpg,C:\Users\MithunvelKL\PycharmProjects\Tile_Sorting\data\roboflow_dataset_augmented\3A\dslr__DSC_0242.jpg,3A,False
C:\Users\MithunvelKL\PycharmProjects\Tile_Sorting\data\roboflow_dataset\3A\dslr__DSC_0242.jpg,C:\Users\MithunvelKL\PycharmProjects\Tile_Sorting\data\roboflow_dataset_augmented\3A\dslr__DSC_0242_aug0.jpg,3A,True
C:\Users\MithunvelKL\PycharmProjects\Tile_Sorting\data\roboflow_dataset\3A\dslr__DSC_0242.jpg,C:\Users\MithunvelKL\PycharmProjects\Tile_Sorting\data\roboflow_dataset_augmented\3A\dslr__DSC_0242_aug1.jpg,3A,True
C:\Users\MithunvelKL\PycharmProjects\Tile_Sorting\data\roboflow_dataset\3A\dslr__DSC_0243.jpg,C:\Users\MithunvelKL\PycharmProjects\Tile_Sorting\data\roboflow_dataset_augmented\3A\dslr__DSC_0243.jpg,3A,False
C:\Users\MithunvelKL\PycharmProjects\Tile_Sorting\data\roboflow_dataset\3A\dslr__DSC_0243.jpg,C:\Users\MithunvelKL\PycharmProjects\Tile_Sorting\data\roboflow_dataset_augmented\3A\dslr__DSC_0243_aug0.jpg,3A,True
C:\Users\MithunvelKL\PycharmProjects\Tile_Sorting\data\roboflow_dataset\3A\dslr__DSC_0244.jpg,C:\Users\MithunvelKL\PycharmProjects\Tile_Sorting\data\roboflow_dataset_augmented\3A\dslr__DSC_0244.jpg,3A,False
C:\Users\MithunvelKL\PycharmProjects\Tile_Sorting\data\roboflow_dataset\3A\dslr__DSC_0244.jpg,C:\Users\MithunvelKL\PycharmProjects\Tile_Sorting\data\roboflow_dataset_augmented\3A\dslr__DSC_0244_aug0.jpg,3A,True
C:\Users\MithunvelKL\PycharmProjects\Tile_Sorting\data\roboflow_dataset\3A\dslr__DSC_0245.jpg,C:\Users\MithunvelKL\PycharmProjects\Tile_Sorting\data\roboflow_dataset_augmented\3A\dslr__DSC_0245.jpg,3A,False
C:\Users\MithunvelKL\PycharmProjects\Tile_Sorting\data\roboflow_dataset\3A\dslr__DSC_0245.jpg,C:\Users\MithunvelKL\PycharmProjects\Tile_Sorting\data\roboflow_dataset_augmented\3A\dslr__DSC_0245_aug0.jpg,3A,True
C:\Users\MithunvelKL\PycharmProjects\Tile_Sorting\data\roboflow_dataset\3A\dslr__DSC_0245.jpg,C:\Users\MithunvelKL\PycharmProjects\Tile_Sorting\data\roboflow_dataset_augmented\3A\dslr__DSC_0245_aug1.jpg,3A,True
C:\Users\MithunvelKL\PycharmProjects\Tile_Sorting\data\roboflow_dataset\3A\dslr__DSC_0246.jpg,C:\Users\MithunvelKL\PycharmProjects\Tile_Sorting\data\roboflow_dataset_augmented\3A\dslr__DSC_0246.jpg,3A,False
C:\Users\MithunvelKL\PycharmProjects\Tile_Sorting\data\roboflow_dataset\3A\dslr__DSC_0246.jpg,C:\Users\MithunvelKL\PycharmProjects\Tile_Sorting\data\roboflow_dataset_augmented\3A\dslr__DSC_0246_aug0.jpg,3A,True
C:\Users\MithunvelKL\PycharmProjects\Tile_Sorting\data\roboflow_dataset\3A\dslr__DSC_0246.jpg,C:\Users\MithunvelKL\PycharmProjects\Tile_Sorting\data\roboflow_dataset_augmented\3A\dslr__DSC_0246_aug1.jpg,3A,True
C:\Users\MithunvelKL\PycharmProjects\Tile_Sorting\data\roboflow_dataset\3A\dslr__DSC_0247.jpg,C:\Users\MithunvelKL\PycharmProjects\Tile_Sorting\data\roboflow_dataset_augmented\3A\dslr__DSC_0247.jpg,3A,False
C:\Users\MithunvelKL\PycharmProjects\Tile_Sorting\data\roboflow_dataset\3A\dslr__DSC_0247.jpg,C:\Users\MithunvelKL\PycharmProjects\Tile_Sorting\data\roboflow_dataset_augmented\3A\dslr__DSC_0247_aug0.jpg,3A,True
C:\Users\MithunvelKL\PycharmProjects\Tile_Sorting\data\roboflow_dataset\3A\dslr__DSC_0247.jpg,C:\Users\MithunvelKL\PycharmProjects\Tile_Sorting\data\roboflow_dataset_augmented\3A\dslr__DSC_0247_aug1.jpg,3A,True
C:\Users\MithunvelKL\PycharmProjects\Tile_Sorting\data\roboflow_dataset\3A\dslr__DSC_0248.jpg,C:\Users\MithunvelKL\PycharmProjects\Tile_Sorting\data\roboflow_dataset_augmented\3A\dslr__DSC_0248.jpg,3A,False
C:\Users\MithunvelKL\PycharmProjects\Tile_Sorting\data\roboflow_dataset\3A\dslr__DSC_0248.jpg,C:\Users\MithunvelKL\PycharmProjects\Tile_Sorting\data\roboflow_dataset_augmented\3A\dslr__DSC_0248_aug0.jpg,3A,True
C:\Users\MithunvelKL\PycharmProjects\Tile_Sorting\data\roboflow_dataset\3A\dslr__DSC_0248.jpg,C:\Users\MithunvelKL\PycharmProjects\Tile_Sorting\data\roboflow_dataset_augmented\3A\dslr__DSC_0248_aug1.jpg,3A,True
C:\Users\MithunvelKL\PycharmProjects\Tile_Sorting\data\roboflow_dataset\3A\dslr__DSC_0249.jpg,C:\Users\MithunvelKL\PycharmProjects\Tile_Sorting\data\roboflow_dataset_augmented\3A\dslr__DSC_0249.jpg,3A,False
C:\Users\MithunvelKL\PycharmProjects\Tile_Sorting\data\roboflow_dataset\3A\dslr__DSC_0249.jpg,C:\Users\MithunvelKL\PycharmProjects\Tile_Sorting\data\roboflow_dataset_augmented\3A\dslr__DSC_0249_aug0.jpg,3A,True
C:\Users\MithunvelKL\PycharmProjects\Tile_Sorting\data\roboflow_dataset\3A\dslr__DSC_0249.jpg,C:\Users\MithunvelKL\PycharmProjects\Tile_Sorting\data\roboflow_dataset_augmented\3A\dslr__DSC_0249_aug1.jpg,3A,True
C:\Users\MithunvelKL\PycharmProjects\Tile_Sorting\data\roboflow_dataset\3A\dslr__DSC_0250.jpg,C:\Users\MithunvelKL\PycharmProjects\Tile_Sorting\data\roboflow_dataset_augmented\3A\dslr__DSC_0250.jpg,3A,False
C:\Users\MithunvelKL\PycharmProjects\Tile_Sorting\data\roboflow_dataset\3A\dslr__DSC_0250.jpg,C:\Users\MithunvelKL\PycharmProjects\Tile_Sorting\data\roboflow_dataset_augmented\3A\dslr__DSC_0250_aug0.jpg,3A,True
C:\Users\MithunvelKL\PycharmProjects\Tile_Sorting\data\roboflow_dataset\3A\dslr__DSC_0251.jpg,C:\Users\MithunvelKL\PycharmProjects\Tile_Sorting\data\roboflow_dataset_augmented\3A\dslr__DSC_0251.jpg,3A,False
C:\Users\MithunvelKL\PycharmProjects\Tile_Sorting\data\roboflow_dataset\3A\dslr__DSC_0251.jpg,C:\Users\MithunvelKL\PycharmProjects\Tile_Sorting\data\roboflow_dataset_augmented\3A\dslr__DSC_0251_aug0.jpg,3A,True
C:\Users\MithunvelKL\PycharmProjects\Tile_Sorting\data\roboflow_dataset\3A\dslr__DSC_0252.jpg,C:\Users\MithunvelKL\PycharmProjects\Tile_Sorting\data\roboflow_dataset_augmented\3A\dslr__DSC_0252.jpg,3A,False
C:\Users\MithunvelKL\PycharmProjects\Tile_Sorting\data\roboflow_dataset\3A\dslr__DSC_0252.jpg,C:\Users\MithunvelKL\PycharmProjects\Tile_Sorting\data\roboflow_dataset_augmented\3A\dslr__DSC_0252_aug0.jpg,3A,True
C:\Users\MithunvelKL\PycharmProjects\Tile_Sorting\data\roboflow_dataset\3A\dslr__DSC_0252.jpg,C:\Users\MithunvelKL\PycharmProjects\Tile_Sorting\data\roboflow_dataset_augmented\3A\dslr__DSC_0252_aug1.jpg,3A,True
C:\Users\MithunvelKL\PycharmProjects\Tile_Sorting\data\roboflow_dataset\3A\dslr__DSC_0253.jpg,C:\Users\MithunvelKL\PycharmProjects\Tile_Sorting\data\roboflow_dataset_augmented\3A\dslr__DSC_0253.jpg,3A,False
C:\Users\MithunvelKL\PycharmProjects\Tile_Sorting\data\roboflow_dataset\3A\dslr__DSC_0253.jpg,C:\Users\MithunvelKL\PycharmProjects\Tile_Sorting\data\roboflow_dataset_augmented\3A\dslr__DSC_0253_aug0.jpg,3A,True
C:\Users\MithunvelKL\PycharmProjects\Tile_Sorting\data\roboflow_dataset\3A\dslr__DSC_0254.jpg,C:\Users\MithunvelKL\PycharmProjects\Tile_Sorting\data\roboflow_dataset_augmented\3A\dslr__DSC_0254.jpg,3A,False
C:\Users\MithunvelKL\PycharmProjects\Tile_Sorting\data\roboflow_dataset\3A\dslr__DSC_0254.jpg,C:\Users\MithunvelKL\PycharmProjects\Tile_Sorting\data\roboflow_dataset_augmented\3A\dslr__DSC_0254_aug0.jpg,3A,True
C:\Users\MithunvelKL\PycharmProjects\Tile_Sorting\data\roboflow_dataset\3A\dslr__DSC_0254.jpg,C:\Users\MithunvelKL\PycharmProjects\Tile_Sorting\data\roboflow_dataset_augmented\3A\dslr__DSC_0254_aug1.jpg,3A,True
C:\Users\MithunvelKL\PycharmProjects\Tile_Sorting\data\roboflow_dataset\3A\dslr__DSC_0255.jpg,C:\Users\MithunvelKL\PycharmProjects\Tile_Sorting\data\roboflow_dataset_augmented\3A\dslr__DSC_0255.jpg,3A,False
C:\Users\MithunvelKL\PycharmProjects\Tile_Sorting\data\roboflow_dataset\3A\dslr__DSC_0255.jpg,C:\Users\MithunvelKL\PycharmProjects\Tile_Sorting\data\roboflow_dataset_augmented\3A\dslr__DSC_0255_aug0.jpg,3A,True
C:\Users\MithunvelKL\PycharmProjects\Tile_Sorting\data\roboflow_dataset\3A\dslr__DSC_0255.jpg,C:\Users\MithunvelKL\PycharmProjects\Tile_Sorting\data\roboflow_dataset_augmented\3A\dslr__DSC_0255_aug1.jpg,3A,True
C:\Users\MithunvelKL\PycharmProjects\Tile_Sorting\data\roboflow_dataset\3A\dslr__DSC_0256.jpg,C:\Users\MithunvelKL\PycharmProjects\Tile_Sorting\data\roboflow_dataset_augmented\3A\dslr__DSC_0256.jpg,3A,False
C:\Users\MithunvelKL\PycharmProjects\Tile_Sorting\data\roboflow_dataset\3A\dslr__DSC_0256.jpg,C:\Users\MithunvelKL\PycharmProjects\Tile_Sorting\data\roboflow_dataset_augmented\3A\dslr__DSC_0256_aug0.jpg,3A,True
C:\Users\MithunvelKL\PycharmProjects\Tile_Sorting\data\roboflow_dataset\3A\dslr__DSC_0256.jpg,C:\Users\MithunvelKL\PycharmProjects\Tile_Sorting\data\roboflow_dataset_augmented\3A\dslr__DSC_0256_aug1.jpg,3A,True
C:\Users\MithunvelKL\PycharmProjects\Tile_Sorting\data\roboflow_dataset\3A\dslr__DSC_0257.jpg,C:\Users\MithunvelKL\PycharmProjects\Tile_Sorting\data\roboflow_dataset_augmented\3A\dslr__DSC_0257.jpg,3A,False
C:\Users\MithunvelKL\PycharmProjects\Tile_Sorting\data\roboflow_dataset\3A\dslr__DSC_0257.jpg,C:\Users\MithunvelKL\PycharmProjects\Tile_Sorting\data\roboflow_dataset_augmented\3A\dslr__DSC_0257_aug0.jpg,3A,True
C:\Users\MithunvelKL\PycharmProjects\Tile_Sorting\data\roboflow_dataset\3A\dslr__DSC_0257.jpg,C:\Users\MithunvelKL\PycharmProjects\Tile_Sorting\data\roboflow_dataset_augmented\3A\dslr__DSC_0257_aug1.jpg,3A,True
C:\Users\MithunvelKL\PycharmProjects\Tile_Sorting\data\roboflow_dataset\3A\dslr__DSC_0258.jpg,C:\Users\MithunvelKL\PycharmProjects\Tile_Sorting\data\roboflow_dataset_augmented\3A\dslr__DSC_0258.jpg,3A,False
C:\Users\MithunvelKL\PycharmProjects\Tile_Sorting\data\roboflow_dataset\3A\dslr__DSC_0258.jpg,C:\Users\MithunvelKL\PycharmProjects\Tile_Sorting\data\roboflow_dataset_augmented\3A\dslr__DSC_0258_aug0.jpg,3A,True
C:\Users\MithunvelKL\PycharmProjects\Tile_Sorting\data\roboflow_dataset\3A\dslr__DSC_0259.jpg,C:\Users\MithunvelKL\PycharmProjects\Tile_Sorting\data\roboflow_dataset_augmented\3A\dslr__DSC_0259.jpg,3A,False
C:\Users\MithunvelKL\PycharmProjects\Tile_Sorting\data\roboflow_dataset\3A\dslr__DSC_0259.jpg,C:\Users\MithunvelKL\PycharmProjects\Tile_Sorting\data\roboflow_dataset_augmented\3A\dslr__DSC_0259_aug0.jpg,3A,True
C:\Users\MithunvelKL\PycharmProjects\Tile_Sorting\data\roboflow_dataset\3A\dslr__DSC_0260.jpg,C:\Users\MithunvelKL\PycharmProjects\Tile_Sorting\data\roboflow_dataset_augmented\3A\dslr__DSC_0260.jpg,3A,False
C:\Users\MithunvelKL\PycharmProjects\Tile_Sorting\data\roboflow_dataset\3A\dslr__DSC_0260.jpg,C:\Users\MithunvelKL\PycharmProjects\Tile_Sorting\data\roboflow_dataset_augmented\3A\dslr__DSC_0260_aug0.jpg,3A,True
C:\Users\MithunvelKL\PycharmProjects\Tile_Sorting\data\roboflow_dataset\3A\dslr__DSC_0260.jpg,C:\Users\MithunvelKL\PycharmProjects\Tile_Sorting\data\roboflow_dataset_augmented\3A\dslr__DSC_0260_aug1.jpg,3A,True
C:\Users\MithunvelKL\PycharmProjects\Tile_Sorting\data\roboflow_dataset\3A\dslr__DSC_0261.jpg,C:\Users\MithunvelKL\PycharmProjects\Tile_Sorting\data\roboflow_dataset_augmented\3A\dslr__DSC_0261.jpg,3A,False
C:\Users\MithunvelKL\PycharmProjects\Tile_Sorting\data\roboflow_dataset\3A\dslr__DSC_0261.jpg,C:\Users\MithunvelKL\PycharmProjects\Tile_Sorting\data\roboflow_dataset_augmented\3A\dslr__DSC_0261_aug0.jpg,3A,True
C:\Users\MithunvelKL\PycharmProjects\Tile_Sorting\data\roboflow_dataset\3A\dslr__DSC_0262.jpg,C:\Users\MithunvelKL\PycharmProjects\Tile_Sorting\data\roboflow_dataset_augmented\3A\dslr__DSC_0262.jpg,3A,False
C:\Users\MithunvelKL\PycharmProjects\Tile_Sorting\data\roboflow_dataset\3A\dslr__DSC_0262.jpg,C:\Users\MithunvelKL\PycharmProjects\Tile_Sorting\data\roboflow_dataset_augmented\3A\dslr__DSC_0262_aug0.jpg,3A,True
C:\Users\MithunvelKL\PycharmProjects\Tile_Sorting\data\roboflow_dataset\3A\dslr__DSC_0262.jpg,C:\Users\MithunvelKL\PycharmProjects\Tile_Sorting\data\roboflow_dataset_augmented\3A\dslr__DSC_0262_aug1.jpg,3A,True
C:\Users\MithunvelKL\PycharmProjects\Tile_Sorting\data\roboflow_dataset\3A\dslr__DSC_0263.jpg,C:\Users\MithunvelKL\PycharmProjects\Tile_Sorting\data\roboflow_dataset_augmented\3A\dslr__DSC_0263.jpg,3A,False
C:\Users\MithunvelKL\PycharmProjects\Tile_Sorting\data\roboflow_dataset\3A\dslr__DSC_0263.jpg,C:\Users\MithunvelKL\PycharmProjects\Tile_Sorting\data\roboflow_dataset_augmented\3A\dslr__DSC_0263_aug0.jpg,3A,True
C:\Users\MithunvelKL\PycharmProjects\Tile_Sorting\data\roboflow_dataset\3A\dslr__DSC_0264.jpg,C:\Users\MithunvelKL\PycharmProjects\Tile_Sorting\data\roboflow_dataset_augmented\3A\dslr__DSC_0264.jpg,3A,False
C:\Users\MithunvelKL\PycharmProjects\Tile_Sorting\data\roboflow_dataset\3A\dslr__DSC_0264.jpg,C:\Users\MithunvelKL\PycharmProjects\Tile_Sorting\data\roboflow_dataset_augmented\3A\dslr__DSC_0264_aug0.jpg,3A,True
C:\Users\MithunvelKL\PycharmProjects\Tile_Sorting\data\roboflow_dataset\3A\dslr__DSC_0264.jpg,C:\Users\MithunvelKL\PycharmProjects\Tile_Sorting\data\roboflow_dataset_augmented\3A\dslr__DSC_0264_aug1.jpg,3A,True
C:\Users\MithunvelKL\PycharmProjects\Tile_Sorting\data\roboflow_dataset\3A\dslr__DSC_0265.jpg,C:\Users\MithunvelKL\PycharmProjects\Tile_Sorting\data\roboflow_dataset_augmented\3A\dslr__DSC_0265.jpg,3A,False
C:\Users\MithunvelKL\PycharmProjects\Tile_Sorting\data\roboflow_dataset\3A\dslr__DSC_0265.jpg,C:\Users\MithunvelKL\PycharmProjects\Tile_Sorting\data\roboflow_dataset_augmented\3A\dslr__DSC_0265_aug0.jpg,3A,True
C:\Users\MithunvelKL\PycharmProjects\Tile_Sorting\data\roboflow_dataset\3A\dslr__DSC_0265.jpg,C:\Users\MithunvelKL\PycharmProjects\Tile_Sorting\data\roboflow_dataset_augmented\3A\dslr__DSC_0265_aug1.jpg,3A,True
C:\Users\MithunvelKL\PycharmProjects\Tile_Sorting\data\roboflow_dataset\3A\dslr__DSC_0266.jpg,C:\Users\MithunvelKL\PycharmProjects\Tile_Sorting\data\roboflow_dataset_augmented\3A\dslr__DSC_0266.jpg,3A,False
C:\Users\MithunvelKL\PycharmProjects\Tile_Sorting\data\roboflow_dataset\3A\dslr__DSC_0266.jpg,C:\Users\MithunvelKL\PycharmProjects\Tile_Sorting\data\roboflow_dataset_augmented\3A\dslr__DSC_0266_aug0.jpg,3A,True
C:\Users\MithunvelKL\PycharmProjects\Tile_Sorting\data\roboflow_dataset\3A\dslr__DSC_0266.jpg,C:\Users\MithunvelKL\PycharmProjects\Tile_Sorting\data\roboflow_dataset_augmented\3A\dslr__DSC_0266_aug1.jpg,3A,True
C:\Users\MithunvelKL\PycharmProjects\Tile_Sorting\data\roboflow_dataset\3A\dslr__DSC_0267.jpg,C:\Users\MithunvelKL\PycharmProjects\Tile_Sorting\data\roboflow_dataset_augmented\3A\dslr__DSC_0267.jpg,3A,False
C:\Users\MithunvelKL\PycharmProjects\Tile_Sorting\data\roboflow_dataset\3A\dslr__DSC_0267.jpg,C:\Users\MithunvelKL\PycharmProjects\Tile_Sorting\data\roboflow_dataset_augmented\3A\dslr__DSC_0267_aug0.jpg,3A,True
C:\Users\MithunvelKL\PycharmProjects\Tile_Sorting\data\roboflow_dataset\3A\dslr__DSC_0268.jpg,C:\Users\MithunvelKL\PycharmProjects\Tile_Sorting\data\roboflow_dataset_augmented\3A\dslr__DSC_0268.jpg,3A,False
C:\Users\MithunvelKL\PycharmProjects\Tile_Sorting\data\roboflow_dataset\3A\dslr__DSC_0268.jpg,C:\Users\MithunvelKL\PycharmProjects\Tile_Sorting\data\roboflow_dataset_augmented\3A\dslr__DSC_0268_aug0.jpg,3A,True
C:\Users\MithunvelKL\PycharmProjects\Tile_Sorting\data\roboflow_dataset\3A\dslr__DSC_0268.jpg,C:\Users\MithunvelKL\PycharmProjects\Tile_Sorting\data\roboflow_dataset_augmented\3A\dslr__DSC_0268_aug1.jpg,3A,True
C:\Users\MithunvelKL\PycharmProjects\Tile_Sorting\data\roboflow_dataset\3A\dslr__DSC_0269.jpg,C:\Users\MithunvelKL\PycharmProjects\Tile_Sorting\data\roboflow_dataset_augmented\3A\dslr__DSC_0269.jpg,3A,False
C:\Users\MithunvelKL\PycharmProjects\Tile_Sorting\data\roboflow_dataset\3A\dslr__DSC_0269.jpg,C:\Users\MithunvelKL\PycharmProjects\Tile_Sorting\data\roboflow_dataset_augmented\3A\dslr__DSC_0269_aug0.jpg,3A,True
C:\Users\MithunvelKL\PycharmProjects\Tile_Sorting\data\roboflow_dataset\3A\dslr__DSC_0269.jpg,C:\Users\MithunvelKL\PycharmProjects\Tile_Sorting\data\roboflow_dataset_augmented\3A\dslr__DSC_0269_aug1.jpg,3A,True
C:\Users\MithunvelKL\PycharmProjects\Tile_Sorting\data\roboflow_dataset\3A\dslr__DSC_0270.jpg,C:\Users\MithunvelKL\PycharmProjects\Tile_Sorting\data\roboflow_dataset_augmented\3A\dslr__DSC_0270.jpg,3A,False
C:\Users\MithunvelKL\PycharmProjects\Tile_Sorting\data\roboflow_dataset\3A\dslr__DSC_0270.jpg,C:\Users\MithunvelKL\PycharmProjects\Tile_Sorting\data\roboflow_dataset_augmented\3A\dslr__DSC_0270_aug0.jpg,3A,True
C:\Users\MithunvelKL\PycharmProjects\Tile_Sorting\data\roboflow_dataset\3A\dslr__DSC_0270.jpg,C:\Users\MithunvelKL\PycharmProjects\Tile_Sorting\data\roboflow_dataset_augmented\3A\dslr__DSC_0270_aug1.jpg,3A,True
C:\Users\MithunvelKL\PycharmProjects\Tile_Sorting\data\roboflow_dataset\3A\dslr__DSC_0271.jpg,C:\Users\MithunvelKL\PycharmProjects\Tile_Sorting\data\roboflow_dataset_augmented\3A\dslr__DSC_0271.jpg,3A,False
C:\Users\MithunvelKL\PycharmProjects\Tile_Sorting\data\roboflow_dataset\3A\dslr__DSC_0271.jpg,C:\Users\MithunvelKL\PycharmProjects\Tile_Sorting\data\roboflow_dataset_augmented\3A\dslr__DSC_0271_aug0.jpg,3A,True
C:\Users\MithunvelKL\PycharmProjects\Tile_Sorting\data\roboflow_dataset\3A\dslr__DSC_0271.jpg,C:\Users\MithunvelKL\PycharmProjects\Tile_Sorting\data\roboflow_dataset_augmented\3A\dslr__DSC_0271_aug1.jpg,3A,True
C:\Users\MithunvelKL\PycharmProjects\Tile_Sorting\data\roboflow_dataset\3A\dslr__DSC_0272.jpg,C:\Users\MithunvelKL\PycharmProjects\Tile_Sorting\data\roboflow_dataset_augmented\3A\dslr__DSC_0272.jpg,3A,False
C:\Users\MithunvelKL\PycharmProjects\Tile_Sorting\data\roboflow_dataset\3A\dslr__DSC_0272.jpg,C:\Users\MithunvelKL\PycharmProjects\Tile_Sorting\data\roboflow_dataset_augmented\3A\dslr__DSC_0272_aug0.jpg,3A,True
C:\Users\MithunvelKL\PycharmProjects\Tile_Sorting\data\roboflow_dataset\3A\dslr__DSC_0272.jpg,C:\Users\MithunvelKL\PycharmProjects\Tile_Sorting\data\roboflow_dataset_augmented\3A\dslr__DSC_0272_aug1.jpg,3A,True
C:\Users\MithunvelKL\PycharmProjects\Tile_Sorting\data\roboflow_dataset\3A\dslr__DSC_0273.jpg,C:\Users\MithunvelKL\PycharmProjects\Tile_Sorting\data\roboflow_dataset_augmented\3A\dslr__DSC_0273.jpg,3A,False
C:\Users\MithunvelKL\PycharmProjects\Tile_Sorting\data\roboflow_dataset\3A\dslr__DSC_0273.jpg,C:\Users\MithunvelKL\PycharmProjects\Tile_Sorting\data\roboflow_dataset_augmented\3A\dslr__DSC_0273_aug0.jpg,3A,True
C:\Users\MithunvelKL\PycharmProjects\Tile_Sorting\data\roboflow_dataset\3A\dslr__DSC_0273.jpg,C:\Users\MithunvelKL\PycharmProjects\Tile_Sorting\data\roboflow_dataset_augmented\3A\dslr__DSC_0273_aug1.jpg,3A,True
C:\Users\MithunvelKL\PycharmProjects\Tile_Sorting\data\roboflow_dataset\3A\dslr__DSC_0274.jpg,C:\Users\MithunvelKL\PycharmProjects\Tile_Sorting\data\roboflow_dataset_augmented\3A\dslr__DSC_0274.jpg,3A,False
C:\Users\MithunvelKL\PycharmProjects\Tile_Sorting\data\roboflow_dataset\3A\dslr__DSC_0274.jpg,C:\Users\MithunvelKL\PycharmProjects\Tile_Sorting\data\roboflow_dataset_augmented\3A\dslr__DSC_0274_aug0.jpg,3A,True
C:\Users\MithunvelKL\PycharmProjects\Tile_Sorting\data\roboflow_dataset\3A\dslr__DSC_0274.jpg,C:\Users\MithunvelKL\PycharmProjects\Tile_Sorting\data\roboflow_dataset_augmented\3A\dslr__DSC_0274_aug1.jpg,3A,True
C:\Users\MithunvelKL\PycharmProjects\Tile_Sorting\data\roboflow_dataset\3A\dslr__DSC_0275.jpg,C:\Users\MithunvelKL\PycharmProjects\Tile_Sorting\data\roboflow_dataset_augmented\3A\dslr__DSC_0275.jpg,3A,False
C:\Users\MithunvelKL\PycharmProjects\Tile_Sorting\data\roboflow_dataset\3A\dslr__DSC_0275.jpg,C:\Users\MithunvelKL\PycharmProjects\Tile_Sorting\data\roboflow_dataset_augmented\3A\dslr__DSC_0275_aug0.jpg,3A,True
C:\Users\MithunvelKL\PycharmProjects\Tile_Sorting\data\roboflow_dataset\3A\dslr__DSC_0275.jpg,C:\Users\MithunvelKL\PycharmProjects\Tile_Sorting\data\roboflow_dataset_augmented\3A\dslr__DSC_0275_aug1.jpg,3A,True
C:\Users\MithunvelKL\PycharmProjects\Tile_Sorting\data\roboflow_dataset\3A\dslr__DSC_0276.jpg,C:\Users\MithunvelKL\PycharmProjects\Tile_Sorting\data\roboflow_dataset_augmented\3A\dslr__DSC_0276.jpg,3A,False
C:\Users\MithunvelKL\PycharmProjects\Tile_Sorting\data\roboflow_dataset\3A\dslr__DSC_0276.jpg,C:\Users\MithunvelKL\PycharmProjects\Tile_Sorting\data\roboflow_dataset_augmented\3A\dslr__DSC_0276_aug0.jpg,3A,True
C:\Users\MithunvelKL\PycharmProjects\Tile_Sorting\data\roboflow_dataset\3A\dslr__DSC_0276.jpg,C:\Users\MithunvelKL\PycharmProjects\Tile_Sorting\data\roboflow_dataset_augmented\3A\dslr__DSC_0276_aug1.jpg,3A,True
C:\Users\MithunvelKL\PycharmProjects\Tile_Sorting\data\roboflow_dataset\3A\dslr__DSC_0277.jpg,C:\Users\MithunvelKL\PycharmProjects\Tile_Sorting\data\roboflow_dataset_augmented\3A\dslr__DSC_0277.jpg,3A,False
C:\Users\MithunvelKL\PycharmProjects\Tile_Sorting\data\roboflow_dataset\3A\dslr__DSC_0277.jpg,C:\Users\MithunvelKL\PycharmProjects\Tile_Sorting\data\roboflow_dataset_augmented\3A\dslr__DSC_0277_aug0.jpg,3A,True
C:\Users\MithunvelKL\PycharmProjects\Tile_Sorting\data\roboflow_dataset\3A\dslr__DSC_0277.jpg,C:\Users\MithunvelKL\PycharmProjects\Tile_Sorting\data\roboflow_dataset_augmented\3A\dslr__DSC_0277_aug1.jpg,3A,True
C:\Users\MithunvelKL\PycharmProjects\Tile_Sorting\data\roboflow_dataset\3A\dslr__DSC_0278.jpg,C:\Users\MithunvelKL\PycharmProjects\Tile_Sorting\data\roboflow_dataset_augmented\3A\dslr__DSC_0278.jpg,3A,False
C:\Users\MithunvelKL\PycharmProjects\Tile_Sorting\data\roboflow_dataset\3A\dslr__DSC_0278.jpg,C:\Users\MithunvelKL\PycharmProjects\Tile_Sorting\data\roboflow_dataset_augmented\3A\dslr__DSC_0278_aug0.jpg,3A,True
C:\Users\MithunvelKL\PycharmProjects\Tile_Sorting\data\roboflow_dataset\3A\dslr__DSC_0279.jpg,C:\Users\MithunvelKL\PycharmProjects\Tile_Sorting\data\roboflow_dataset_augmented\3A\dslr__DSC_0279.jpg,3A,False
C:\Users\MithunvelKL\PycharmProjects\Tile_Sorting\data\roboflow_dataset\3A\dslr__DSC_0279.jpg,C:\Users\MithunvelKL\PycharmProjects\Tile_Sorting\data\roboflow_dataset_augmented\3A\dslr__DSC_0279_aug0.jpg,3A,True
C:\Users\MithunvelKL\PycharmProjects\Tile_Sorting\data\roboflow_dataset\3A\dslr__DSC_0279.jpg,C:\Users\MithunvelKL\PycharmProjects\Tile_Sorting\data\roboflow_dataset_augmented\3A\dslr__DSC_0279_aug1.jpg,3A,True
C:\Users\MithunvelKL\PycharmProjects\Tile_Sorting\data\roboflow_dataset\3A\phone__20250912_083021.jpg,C:\Users\MithunvelKL\PycharmProjects\Tile_Sorting\data\roboflow_dataset_augmented\3A\phone__20250912_083021.jpg,3A,False
C:\Users\MithunvelKL\PycharmProjects\Tile_Sorting\data\roboflow_dataset\3A\phone__20250912_083021.jpg,C:\Users\MithunvelKL\PycharmProjects\Tile_Sorting\data\roboflow_dataset_augmented\3A\phone__20250912_083021_aug0.jpg,3A,True
C:\Users\MithunvelKL\PycharmProjects\Tile_Sorting\data\roboflow_dataset\3A\phone__20250912_083021.jpg,C:\Users\MithunvelKL\PycharmProjects\Tile_Sorting\data\roboflow_dataset_augmented\3A\phone__20250912_083021_aug1.jpg,3A,True
C:\Users\MithunvelKL\PycharmProjects\Tile_Sorting\data\roboflow_dataset\3A\phone__20250912_083243.jpg,C:\Users\MithunvelKL\PycharmProjects\Tile_Sorting\data\roboflow_dataset_augmented\3A\phone__20250912_083243.jpg,3A,False
C:\Users\MithunvelKL\PycharmProjects\Tile_Sorting\data\roboflow_dataset\3A\phone__20250912_083243.jpg,C:\Users\MithunvelKL\PycharmProjects\Tile_Sorting\data\roboflow_dataset_augmented\3A\phone__20250912_083243_aug0.jpg,3A,True
C:\Users\MithunvelKL\PycharmProjects\Tile_Sorting\data\roboflow_dataset\3A\phone__20250912_083337.jpg,C:\Users\MithunvelKL\PycharmProjects\Tile_Sorting\data\roboflow_dataset_augmented\3A\phone__20250912_083337.jpg,3A,False
C:\Users\MithunvelKL\PycharmProjects\Tile_Sorting\data\roboflow_dataset\3A\phone__20250912_083337.jpg,C:\Users\MithunvelKL\PycharmProjects\Tile_Sorting\data\roboflow_dataset_augmented\3A\phone__20250912_083337_aug0.jpg,3A,True
C:\Users\MithunvelKL\PycharmProjects\Tile_Sorting\data\roboflow_dataset\3A\phone__20250912_083337.jpg,C:\Users\MithunvelKL\PycharmProjects\Tile_Sorting\data\roboflow_dataset_augmented\3A\phone__20250912_083337_aug1.jpg,3A,True
C:\Users\MithunvelKL\PycharmProjects\Tile_Sorting\data\roboflow_dataset\3A\phone__20250912_083422.jpg,C:\Users\MithunvelKL\PycharmProjects\Tile_Sorting\data\roboflow_dataset_augmented\3A\phone__20250912_083422.jpg,3A,False
C:\Users\MithunvelKL\PycharmProjects\Tile_Sorting\data\roboflow_dataset\3A\phone__20250912_083422.jpg,C:\Users\MithunvelKL\PycharmProjects\Tile_Sorting\data\roboflow_dataset_augmented\3A\phone__20250912_083422_aug0.jpg,3A,True
C:\Users\MithunvelKL\PycharmProjects\Tile_Sorting\data\roboflow_dataset\3A\phone__20250912_083422.jpg,C:\Users\MithunvelKL\PycharmProjects\Tile_Sorting\data\roboflow_dataset_augmented\3A\phone__20250912_083422_aug1.jpg,3A,True
C:\Users\MithunvelKL\PycharmProjects\Tile_Sorting\data\roboflow_dataset\3A\phone__20250912_083500.jpg,C:\Users\MithunvelKL\PycharmProjects\Tile_Sorting\data\roboflow_dataset_augmented\3A\phone__20250912_083500.jpg,3A,False
C:\Users\MithunvelKL\PycharmProjects\Tile_Sorting\data\roboflow_dataset\3A\phone__20250912_083500.jpg,C:\Users\MithunvelKL\PycharmProjects\Tile_Sorting\data\roboflow_dataset_augmented\3A\phone__20250912_083500_aug0.jpg,3A,True
C:\Users\MithunvelKL\PycharmProjects\Tile_Sorting\data\roboflow_dataset\3A\phone__20250912_083500.jpg,C:\Users\MithunvelKL\PycharmProjects\Tile_Sorting\data\roboflow_dataset_augmented\3A\phone__20250912_083500_aug1.jpg,3A,True
C:\Users\MithunvelKL\PycharmProjects\Tile_Sorting\data\roboflow_dataset\3A\phone__20250912_083539.jpg,C:\Users\MithunvelKL\PycharmProjects\Tile_Sorting\data\roboflow_dataset_augmented\3A\phone__20250912_083539.jpg,3A,False
C:\Users\MithunvelKL\PycharmProjects\Tile_Sorting\data\roboflow_dataset\3A\phone__20250912_083539.jpg,C:\Users\MithunvelKL\PycharmProjects\Tile_Sorting\data\roboflow_dataset_augmented\3A\phone__20250912_083539_aug0.jpg,3A,True
C:\Users\MithunvelKL\PycharmProjects\Tile_Sorting\data\roboflow_dataset\3A\phone__20250912_083539.jpg,C:\Users\MithunvelKL\PycharmProjects\Tile_Sorting\data\roboflow_dataset_augmented\3A\phone__20250912_083539_aug1.jpg,3A,True
C:\Users\MithunvelKL\PycharmProjects\Tile_Sorting\data\roboflow_dataset\3A\phone__20250912_083623.jpg,C:\Users\MithunvelKL\PycharmProjects\Tile_Sorting\data\roboflow_dataset_augmented\3A\phone__20250912_083623.jpg,3A,False
C:\Users\MithunvelKL\PycharmProjects\Tile_Sorting\data\roboflow_dataset\3A\phone__20250912_083623.jpg,C:\Users\MithunvelKL\PycharmProjects\Tile_Sorting\data\roboflow_dataset_augmented\3A\phone__20250912_083623_aug0.jpg,3A,True
C:\Users\MithunvelKL\PycharmProjects\Tile_Sorting\data\roboflow_dataset\3A\phone__20250912_083623.jpg,C:\Users\MithunvelKL\PycharmProjects\Tile_Sorting\data\roboflow_dataset_augmented\3A\phone__20250912_083623_aug1.jpg,3A,True
C:\Users\MithunvelKL\PycharmProjects\Tile_Sorting\data\roboflow_dataset\3A\phone__20250912_083658.jpg,C:\Users\MithunvelKL\PycharmProjects\Tile_Sorting\data\roboflow_dataset_augmented\3A\phone__20250912_083658.jpg,3A,False
C:\Users\MithunvelKL\PycharmProjects\Tile_Sorting\data\roboflow_dataset\3A\phone__20250912_083658.jpg,C:\Users\MithunvelKL\PycharmProjects\Tile_Sorting\data\roboflow_dataset_augmented\3A\phone__20250912_083658_aug0.jpg,3A,True
C:\Users\MithunvelKL\PycharmProjects\Tile_Sorting\data\roboflow_dataset\3A\phone__20250912_083739.jpg,C:\Users\MithunvelKL\PycharmProjects\Tile_Sorting\data\roboflow_dataset_augmented\3A\phone__20250912_083739.jpg,3A,False
C:\Users\MithunvelKL\PycharmProjects\Tile_Sorting\data\roboflow_dataset\3A\phone__20250912_083739.jpg,C:\Users\MithunvelKL\PycharmProjects\Tile_Sorting\data\roboflow_dataset_augmented\3A\phone__20250912_083739_aug0.jpg,3A,True
C:\Users\MithunvelKL\PycharmProjects\Tile_Sorting\data\roboflow_dataset\3A\phone__20250912_083752.jpg,C:\Users\MithunvelKL\PycharmProjects\Tile_Sorting\data\roboflow_dataset_augmented\3A\phone__20250912_083752.jpg,3A,False
C:\Users\MithunvelKL\PycharmProjects\Tile_Sorting\data\roboflow_dataset\3A\phone__20250912_083752.jpg,C:\Users\MithunvelKL\PycharmProjects\Tile_Sorting\data\roboflow_dataset_augmented\3A\phone__20250912_083752_aug0.jpg,3A,True
C:\Users\MithunvelKL\PycharmProjects\Tile_Sorting\data\roboflow_dataset\3A\phone__20250912_083752.jpg,C:\Users\MithunvelKL\PycharmProjects\Tile_Sorting\data\roboflow_dataset_augmented\3A\phone__20250912_083752_aug1.jpg,3A,True
C:\Users\MithunvelKL\PycharmProjects\Tile_Sorting\data\roboflow_dataset\3A\phone__20250912_083836.jpg,C:\Users\MithunvelKL\PycharmProjects\Tile_Sorting\data\roboflow_dataset_augmented\3A\phone__20250912_083836.jpg,3A,False
C:\Users\MithunvelKL\PycharmProjects\Tile_Sorting\data\roboflow_dataset\3A\phone__20250912_083836.jpg,C:\Users\MithunvelKL\PycharmProjects\Tile_Sorting\data\roboflow_dataset_augmented\3A\phone__20250912_083836_aug0.jpg,3A,True
C:\Users\MithunvelKL\PycharmProjects\Tile_Sorting\data\roboflow_dataset\3A\phone__20250912_083846.jpg,C:\Users\MithunvelKL\PycharmProjects\Tile_Sorting\data\roboflow_dataset_augmented\3A\phone__20250912_083846.jpg,3A,False
C:\Users\MithunvelKL\PycharmProjects\Tile_Sorting\data\roboflow_dataset\3A\phone__20250912_083846.jpg,C:\Users\MithunvelKL\PycharmProjects\Tile_Sorting\data\roboflow_dataset_augmented\3A\phone__20250912_083846_aug0.jpg,3A,True
C:\Users\MithunvelKL\PycharmProjects\Tile_Sorting\data\roboflow_dataset\3A\phone__20250912_083859.jpg,C:\Users\MithunvelKL\PycharmProjects\Tile_Sorting\data\roboflow_dataset_augmented\3A\phone__20250912_083859.jpg,3A,False
C:\Users\MithunvelKL\PycharmProjects\Tile_Sorting\data\roboflow_dataset\3A\phone__20250912_083859.jpg,C:\Users\MithunvelKL\PycharmProjects\Tile_Sorting\data\roboflow_dataset_augmented\3A\phone__20250912_083859_aug0.jpg,3A,True
C:\Users\MithunvelKL\PycharmProjects\Tile_Sorting\data\roboflow_dataset\3A\phone__20250912_083930.jpg,C:\Users\MithunvelKL\PycharmProjects\Tile_Sorting\data\roboflow_dataset_augmented\3A\phone__20250912_083930.jpg,3A,False
C:\Users\MithunvelKL\PycharmProjects\Tile_Sorting\data\roboflow_dataset\3A\phone__20250912_083930.jpg,C:\Users\MithunvelKL\PycharmProjects\Tile_Sorting\data\roboflow_dataset_augmented\3A\phone__20250912_083930_aug0.jpg,3A,True
C:\Users\MithunvelKL\PycharmProjects\Tile_Sorting\data\roboflow_dataset\3A\phone__20250912_083930.jpg,C:\Users\MithunvelKL\PycharmProjects\Tile_Sorting\data\roboflow_dataset_augmented\3A\phone__20250912_083930_aug1.jpg,3A,True
C:\Users\MithunvelKL\PycharmProjects\Tile_Sorting\data\roboflow_dataset\3A\phone__20250912_083944.jpg,C:\Users\MithunvelKL\PycharmProjects\Tile_Sorting\data\roboflow_dataset_augmented\3A\phone__20250912_083944.jpg,3A,False
C:\Users\MithunvelKL\PycharmProjects\Tile_Sorting\data\roboflow_dataset\3A\phone__20250912_083944.jpg,C:\Users\MithunvelKL\PycharmProjects\Tile_Sorting\data\roboflow_dataset_augmented\3A\phone__20250912_083944_aug0.jpg,3A,True
C:\Users\MithunvelKL\PycharmProjects\Tile_Sorting\data\roboflow_dataset\3A\phone__20250912_083957.jpg,C:\Users\MithunvelKL\PycharmProjects\Tile_Sorting\data\roboflow_dataset_augmented\3A\phone__20250912_083957.jpg,3A,False
C:\Users\MithunvelKL\PycharmProjects\Tile_Sorting\data\roboflow_dataset\3A\phone__20250912_083957.jpg,C:\Users\MithunvelKL\PycharmProjects\Tile_Sorting\data\roboflow_dataset_augmented\3A\phone__20250912_083957_aug0.jpg,3A,True
C:\Users\MithunvelKL\PycharmProjects\Tile_Sorting\data\roboflow_dataset\3A\phone__20250912_083957.jpg,C:\Users\MithunvelKL\PycharmProjects\Tile_Sorting\data\roboflow_dataset_augmented\3A\phone__20250912_083957_aug1.jpg,3A,True
C:\Users\MithunvelKL\PycharmProjects\Tile_Sorting\data\roboflow_dataset\3A\phone__20250912_084019.jpg,C:\Users\MithunvelKL\PycharmProjects\Tile_Sorting\data\roboflow_dataset_augmented\3A\phone__20250912_084019.jpg,3A,False
C:\Users\MithunvelKL\PycharmProjects\Tile_Sorting\data\roboflow_dataset\3A\phone__20250912_084019.jpg,C:\Users\MithunvelKL\PycharmProjects\Tile_Sorting\data\roboflow_dataset_augmented\3A\phone__20250912_084019_aug0.jpg,3A,True
C:\Users\MithunvelKL\PycharmProjects\Tile_Sorting\data\roboflow_dataset\3A\phone__20250912_084045.jpg,C:\Users\MithunvelKL\PycharmProjects\Tile_Sorting\data\roboflow_dataset_augmented\3A\phone__20250912_084045.jpg,3A,False
C:\Users\MithunvelKL\PycharmProjects\Tile_Sorting\data\roboflow_dataset\3A\phone__20250912_084045.jpg,C:\Users\MithunvelKL\PycharmProjects\Tile_Sorting\data\roboflow_dataset_augmented\3A\phone__20250912_084045_aug0.jpg,3A,True
C:\Users\MithunvelKL\PycharmProjects\Tile_Sorting\data\roboflow_dataset\3A\phone__20250912_084056.jpg,C:\Users\MithunvelKL\PycharmProjects\Tile_Sorting\data\roboflow_dataset_augmented\3A\phone__20250912_084056.jpg,3A,False
C:\Users\MithunvelKL\PycharmProjects\Tile_Sorting\data\roboflow_dataset\3A\phone__20250912_084056.jpg,C:\Users\MithunvelKL\PycharmProjects\Tile_Sorting\data\roboflow_dataset_augmented\3A\phone__20250912_084056_aug0.jpg,3A,True
C:\Users\MithunvelKL\PycharmProjects\Tile_Sorting\data\roboflow_dataset\3A\phone__20250912_084056.jpg,C:\Users\MithunvelKL\PycharmProjects\Tile_Sorting\data\roboflow_dataset_augmented\3A\phone__20250912_084056_aug1.jpg,3A,True
C:\Users\MithunvelKL\PycharmProjects\Tile_Sorting\data\roboflow_dataset\3A\phone__20250912_084107.jpg,C:\Users\MithunvelKL\PycharmProjects\Tile_Sorting\data\roboflow_dataset_augmented\3A\phone__20250912_084107.jpg,3A,False
C:\Users\MithunvelKL\PycharmProjects\Tile_Sorting\data\roboflow_dataset\3A\phone__20250912_084107.jpg,C:\Users\MithunvelKL\PycharmProjects\Tile_Sorting\data\roboflow_dataset_augmented\3A\phone__20250912_084107_aug0.jpg,3A,True
C:\Users\MithunvelKL\PycharmProjects\Tile_Sorting\data\roboflow_dataset\3A\phone__20250913_120919.jpg,C:\Users\MithunvelKL\PycharmProjects\Tile_Sorting\data\roboflow_dataset_augmented\3A\phone__20250913_120919.jpg,3A,False
C:\Users\MithunvelKL\PycharmProjects\Tile_Sorting\data\roboflow_dataset\3A\phone__20250913_120919.jpg,C:\Users\MithunvelKL\PycharmProjects\Tile_Sorting\data\roboflow_dataset_augmented\3A\phone__20250913_120919_aug0.jpg,3A,True
C:\Users\MithunvelKL\PycharmProjects\Tile_Sorting\data\roboflow_dataset\3A\phone__20250913_120919.jpg,C:\Users\MithunvelKL\PycharmProjects\Tile_Sorting\data\roboflow_dataset_augmented\3A\phone__20250913_120919_aug1.jpg,3A,True
C:\Users\MithunvelKL\PycharmProjects\Tile_Sorting\data\roboflow_dataset\3A\phone__20250913_120929.jpg,C:\Users\MithunvelKL\PycharmProjects\Tile_Sorting\data\roboflow_dataset_augmented\3A\phone__20250913_120929.jpg,3A,False
C:\Users\MithunvelKL\PycharmProjects\Tile_Sorting\data\roboflow_dataset\3A\phone__20250913_120929.jpg,C:\Users\MithunvelKL\PycharmProjects\Tile_Sorting\data\roboflow_dataset_augmented\3A\phone__20250913_120929_aug0.jpg,3A,True
C:\Users\MithunvelKL\PycharmProjects\Tile_Sorting\data\roboflow_dataset\3A\phone__20250913_120929.jpg,C:\Users\MithunvelKL\PycharmProjects\Tile_Sorting\data\roboflow_dataset_augmented\3A\phone__20250913_120929_aug1.jpg,3A,True
C:\Users\MithunvelKL\PycharmProjects\Tile_Sorting\data\roboflow_dataset\3A\phone__20250913_120945.jpg,C:\Users\MithunvelKL\PycharmProjects\Tile_Sorting\data\roboflow_dataset_augmented\3A\phone__20250913_120945.jpg,3A,False
C:\Users\MithunvelKL\PycharmProjects\Tile_Sorting\data\roboflow_dataset\3A\phone__20250913_120945.jpg,C:\Users\MithunvelKL\PycharmProjects\Tile_Sorting\data\roboflow_dataset_augmented\3A\phone__20250913_120945_aug0.jpg,3A,True
C:\Users\MithunvelKL\PycharmProjects\Tile_Sorting\data\roboflow_dataset\3A\phone__20250913_120945.jpg,C:\Users\MithunvelKL\PycharmProjects\Tile_Sorting\data\roboflow_dataset_augmented\3A\phone__20250913_120945_aug1.jpg,3A,True
C:\Users\MithunvelKL\PycharmProjects\Tile_Sorting\data\roboflow_dataset\3A\phone__20250913_121005.jpg,C:\Users\MithunvelKL\PycharmProjects\Tile_Sorting\data\roboflow_dataset_augmented\3A\phone__20250913_121005.jpg,3A,False
C:\Users\MithunvelKL\PycharmProjects\Tile_Sorting\data\roboflow_dataset\3A\phone__20250913_121005.jpg,C:\Users\MithunvelKL\PycharmProjects\Tile_Sorting\data\roboflow_dataset_augmented\3A\phone__20250913_121005_aug0.jpg,3A,True
C:\Users\MithunvelKL\PycharmProjects\Tile_Sorting\data\roboflow_dataset\3A\phone__20250913_121005.jpg,C:\Users\MithunvelKL\PycharmProjects\Tile_Sorting\data\roboflow_dataset_augmented\3A\phone__20250913_121005_aug1.jpg,3A,True
C:\Users\MithunvelKL\PycharmProjects\Tile_Sorting\data\roboflow_dataset\3A\phone__20250913_121015.jpg,C:\Users\MithunvelKL\PycharmProjects\Tile_Sorting\data\roboflow_dataset_augmented\3A\phone__20250913_121015.jpg,3A,False
C:\Users\MithunvelKL\PycharmProjects\Tile_Sorting\data\roboflow_dataset\3A\phone__20250913_121015.jpg,C:\Users\MithunvelKL\PycharmProjects\Tile_Sorting\data\roboflow_dataset_augmented\3A\phone__20250913_121015_aug0.jpg,3A,True
C:\Users\MithunvelKL\PycharmProjects\Tile_Sorting\data\roboflow_dataset\3A\phone__20250913_121015.jpg,C:\Users\MithunvelKL\PycharmProjects\Tile_Sorting\data\roboflow_dataset_augmented\3A\phone__20250913_121015_aug1.jpg,3A,True
C:\Users\MithunvelKL\PycharmProjects\Tile_Sorting\data\roboflow_dataset\3A\phone__20250913_121038.jpg,C:\Users\MithunvelKL\PycharmProjects\Tile_Sorting\data\roboflow_dataset_augmented\3A\phone__20250913_121038.jpg,3A,False
C:\Users\MithunvelKL\PycharmProjects\Tile_Sorting\data\roboflow_dataset\3A\phone__20250913_121038.jpg,C:\Users\MithunvelKL\PycharmProjects\Tile_Sorting\data\roboflow_dataset_augmented\3A\phone__20250913_121038_aug0.jpg,3A,True
C:\Users\MithunvelKL\PycharmProjects\Tile_Sorting\data\roboflow_dataset\3A\phone__20250913_121050.jpg,C:\Users\MithunvelKL\PycharmProjects\Tile_Sorting\data\roboflow_dataset_augmented\3A\phone__20250913_121050.jpg,3A,False
C:\Users\MithunvelKL\PycharmProjects\Tile_Sorting\data\roboflow_dataset\3A\phone__20250913_121050.jpg,C:\Users\MithunvelKL\PycharmProjects\Tile_Sorting\data\roboflow_dataset_augmented\3A\phone__20250913_121050_aug0.jpg,3A,True
C:\Users\MithunvelKL\PycharmProjects\Tile_Sorting\data\roboflow_dataset\3A\phone__20250913_121059.jpg,C:\Users\MithunvelKL\PycharmProjects\Tile_Sorting\data\roboflow_dataset_augmented\3A\phone__20250913_121059.jpg,3A,False
C:\Users\MithunvelKL\PycharmProjects\Tile_Sorting\data\roboflow_dataset\3A\phone__20250913_121059.jpg,C:\Users\MithunvelKL\PycharmProjects\Tile_Sorting\data\roboflow_dataset_augmented\3A\phone__20250913_121059_aug0.jpg,3A,True
C:\Users\MithunvelKL\PycharmProjects\Tile_Sorting\data\roboflow_dataset\3A\phone__20250913_121059.jpg,C:\Users\MithunvelKL\PycharmProjects\Tile_Sorting\data\roboflow_dataset_augmented\3A\phone__20250913_121059_aug1.jpg,3A,True
C:\Users\MithunvelKL\PycharmProjects\Tile_Sorting\data\roboflow_dataset\3A\phone__20250913_121109.jpg,C:\Users\MithunvelKL\PycharmProjects\Tile_Sorting\data\roboflow_dataset_augmented\3A\phone__20250913_121109.jpg,3A,False
C:\Users\MithunvelKL\PycharmProjects\Tile_Sorting\data\roboflow_dataset\3A\phone__20250913_121109.jpg,C:\Users\MithunvelKL\PycharmProjects\Tile_Sorting\data\roboflow_dataset_augmented\3A\phone__20250913_121109_aug0.jpg,3A,True
C:\Users\MithunvelKL\PycharmProjects\Tile_Sorting\data\roboflow_dataset\3A\phone__20250913_121109.jpg,C:\Users\MithunvelKL\PycharmProjects\Tile_Sorting\data\roboflow_dataset_augmented\3A\phone__20250913_121109_aug1.jpg,3A,True
C:\Users\MithunvelKL\PycharmProjects\Tile_Sorting\data\roboflow_dataset\3A\phone__20250913_121130.jpg,C:\Users\MithunvelKL\PycharmProjects\Tile_Sorting\data\roboflow_dataset_augmented\3A\phone__20250913_121130.jpg,3A,False
C:\Users\MithunvelKL\PycharmProjects\Tile_Sorting\data\roboflow_dataset\3A\phone__20250913_121130.jpg,C:\Users\MithunvelKL\PycharmProjects\Tile_Sorting\data\roboflow_dataset_augmented\3A\phone__20250913_121130_aug0.jpg,3A,True
C:\Users\MithunvelKL\PycharmProjects\Tile_Sorting\data\roboflow_dataset\3A\phone__20250913_121130.jpg,C:\Users\MithunvelKL\PycharmProjects\Tile_Sorting\data\roboflow_dataset_augmented\3A\phone__20250913_121130_aug1.jpg,3A,True
C:\Users\MithunvelKL\PycharmProjects\Tile_Sorting\data\roboflow_dataset\3A\phone__20250913_121140.jpg,C:\Users\MithunvelKL\PycharmProjects\Tile_Sorting\data\roboflow_dataset_augmented\3A\phone__20250913_121140.jpg,3A,False
C:\Users\MithunvelKL\PycharmProjects\Tile_Sorting\data\roboflow_dataset\3A\phone__20250913_121140.jpg,C:\Users\MithunvelKL\PycharmProjects\Tile_Sorting\data\roboflow_dataset_augmented\3A\phone__20250913_121140_aug0.jpg,3A,True
C:\Users\MithunvelKL\PycharmProjects\Tile_Sorting\data\roboflow_dataset\3A\phone__20250913_121140.jpg,C:\Users\MithunvelKL\PycharmProjects\Tile_Sorting\data\roboflow_dataset_augmented\3A\phone__20250913_121140_aug1.jpg,3A,True
C:\Users\MithunvelKL\PycharmProjects\Tile_Sorting\data\roboflow_dataset\3A\phone__20250913_121151.jpg,C:\Users\MithunvelKL\PycharmProjects\Tile_Sorting\data\roboflow_dataset_augmented\3A\phone__20250913_121151.jpg,3A,False
C:\Users\MithunvelKL\PycharmProjects\Tile_Sorting\data\roboflow_dataset\3A\phone__20250913_121151.jpg,C:\Users\MithunvelKL\PycharmProjects\Tile_Sorting\data\roboflow_dataset_augmented\3A\phone__20250913_121151_aug0.jpg,3A,True
C:\Users\MithunvelKL\PycharmProjects\Tile_Sorting\data\roboflow_dataset\3A\phone__20250913_121151.jpg,C:\Users\MithunvelKL\PycharmProjects\Tile_Sorting\data\roboflow_dataset_augmented\3A\phone__20250913_121151_aug1.jpg,3A,True
C:\Users\MithunvelKL\PycharmProjects\Tile_Sorting\data\roboflow_dataset\3A\phone__20250913_121204.jpg,C:\Users\MithunvelKL\PycharmProjects\Tile_Sorting\data\roboflow_dataset_augmented\3A\phone__20250913_121204.jpg,3A,False
C:\Users\MithunvelKL\PycharmProjects\Tile_Sorting\data\roboflow_dataset\3A\phone__20250913_121204.jpg,C:\Users\MithunvelKL\PycharmProjects\Tile_Sorting\data\roboflow_dataset_augmented\3A\phone__20250913_121204_aug0.jpg,3A,True
C:\Users\MithunvelKL\PycharmProjects\Tile_Sorting\data\roboflow_dataset\3A\phone__20250913_121204.jpg,C:\Users\MithunvelKL\PycharmProjects\Tile_Sorting\data\roboflow_dataset_augmented\3A\phone__20250913_121204_aug1.jpg,3A,True
C:\Users\MithunvelKL\PycharmProjects\Tile_Sorting\data\roboflow_dataset\3A\phone__20250913_121214.jpg,C:\Users\MithunvelKL\PycharmProjects\Tile_Sorting\data\roboflow_dataset_augmented\3A\phone__20250913_121214.jpg,3A,False
C:\Users\MithunvelKL\PycharmProjects\Tile_Sorting\data\roboflow_dataset\3A\phone__20250913_121214.jpg,C:\Users\MithunvelKL\PycharmProjects\Tile_Sorting\data\roboflow_dataset_augmented\3A\phone__20250913_121214_aug0.jpg,3A,True
C:\Users\MithunvelKL\PycharmProjects\Tile_Sorting\data\roboflow_dataset\3A\phone__20250913_121214.jpg,C:\Users\MithunvelKL\PycharmProjects\Tile_Sorting\data\roboflow_dataset_augmented\3A\phone__20250913_121214_aug1.jpg,3A,True
C:\Users\MithunvelKL\PycharmProjects\Tile_Sorting\data\roboflow_dataset\3A\phone__20250913_121236.jpg,C:\Users\MithunvelKL\PycharmProjects\Tile_Sorting\data\roboflow_dataset_augmented\3A\phone__20250913_121236.jpg,3A,False
C:\Users\MithunvelKL\PycharmProjects\Tile_Sorting\data\roboflow_dataset\3A\phone__20250913_121236.jpg,C:\Users\MithunvelKL\PycharmProjects\Tile_Sorting\data\roboflow_dataset_augmented\3A\phone__20250913_121236_aug0.jpg,3A,True
C:\Users\MithunvelKL\PycharmProjects\Tile_Sorting\data\roboflow_dataset\3A\phone__20250913_121321.jpg,C:\Users\MithunvelKL\PycharmProjects\Tile_Sorting\data\roboflow_dataset_augmented\3A\phone__20250913_121321.jpg,3A,False
C:\Users\MithunvelKL\PycharmProjects\Tile_Sorting\data\roboflow_dataset\3A\phone__20250913_121321.jpg,C:\Users\MithunvelKL\PycharmProjects\Tile_Sorting\data\roboflow_dataset_augmented\3A\phone__20250913_121321_aug0.jpg,3A,True
C:\Users\MithunvelKL\PycharmProjects\Tile_Sorting\data\roboflow_dataset\3A\phone__20250913_121334.jpg,C:\Users\MithunvelKL\PycharmProjects\Tile_Sorting\data\roboflow_dataset_augmented\3A\phone__20250913_121334.jpg,3A,False
C:\Users\MithunvelKL\PycharmProjects\Tile_Sorting\data\roboflow_dataset\3A\phone__20250913_121334.jpg,C:\Users\MithunvelKL\PycharmProjects\Tile_Sorting\data\roboflow_dataset_augmented\3A\phone__20250913_121334_aug0.jpg,3A,True
C:\Users\MithunvelKL\PycharmProjects\Tile_Sorting\data\roboflow_dataset\3A\phone__20250913_121344.jpg,C:\Users\MithunvelKL\PycharmProjects\Tile_Sorting\data\roboflow_dataset_augmented\3A\phone__20250913_121344.jpg,3A,False
C:\Users\MithunvelKL\PycharmProjects\Tile_Sorting\data\roboflow_dataset\3A\phone__20250913_121344.jpg,C:\Users\MithunvelKL\PycharmProjects\Tile_Sorting\data\roboflow_dataset_augmented\3A\phone__20250913_121344_aug0.jpg,3A,True
C:\Users\MithunvelKL\PycharmProjects\Tile_Sorting\data\roboflow_dataset\3A\phone__20250913_121400.jpg,C:\Users\MithunvelKL\PycharmProjects\Tile_Sorting\data\roboflow_dataset_augmented\3A\phone__20250913_121400.jpg,3A,False
C:\Users\MithunvelKL\PycharmProjects\Tile_Sorting\data\roboflow_dataset\3A\phone__20250913_121400.jpg,C:\Users\MithunvelKL\PycharmProjects\Tile_Sorting\data\roboflow_dataset_augmented\3A\phone__20250913_121400_aug0.jpg,3A,True
C:\Users\MithunvelKL\PycharmProjects\Tile_Sorting\data\roboflow_dataset\3A\phone__20250913_121511.jpg,C:\Users\MithunvelKL\PycharmProjects\Tile_Sorting\data\roboflow_dataset_augmented\3A\phone__20250913_121511.jpg,3A,False
C:\Users\MithunvelKL\PycharmProjects\Tile_Sorting\data\roboflow_dataset\3A\phone__20250913_121511.jpg,C:\Users\MithunvelKL\PycharmProjects\Tile_Sorting\data\roboflow_dataset_augmented\3A\phone__20250913_121511_aug0.jpg,3A,True
C:\Users\MithunvelKL\PycharmProjects\Tile_Sorting\data\roboflow_dataset\3A\phone__20250913_121511.jpg,C:\Users\MithunvelKL\PycharmProjects\Tile_Sorting\data\roboflow_dataset_augmented\3A\phone__20250913_121511_aug1.jpg,3A,True
C:\Users\MithunvelKL\PycharmProjects\Tile_Sorting\data\roboflow_dataset\3B\dslr__DSC_0133.jpg,C:\Users\MithunvelKL\PycharmProjects\Tile_Sorting\data\roboflow_dataset_augmented\3B\dslr__DSC_0133.jpg,3B,False
C:\Users\MithunvelKL\PycharmProjects\Tile_Sorting\data\roboflow_dataset\3B\dslr__DSC_0133.jpg,C:\Users\MithunvelKL\PycharmProjects\Tile_Sorting\data\roboflow_dataset_augmented\3B\dslr__DSC_0133_aug0.jpg,3B,True
C:\Users\MithunvelKL\PycharmProjects\Tile_Sorting\data\roboflow_dataset\3B\dslr__DSC_0134.jpg,C:\Users\MithunvelKL\PycharmProjects\Tile_Sorting\data\roboflow_dataset_augmented\3B\dslr__DSC_0134.jpg,3B,False
C:\Users\MithunvelKL\PycharmProjects\Tile_Sorting\data\roboflow_dataset\3B\dslr__DSC_0134.jpg,C:\Users\MithunvelKL\PycharmProjects\Tile_Sorting\data\roboflow_dataset_augmented\3B\dslr__DSC_0134_aug0.jpg,3B,True
C:\Users\MithunvelKL\PycharmProjects\Tile_Sorting\data\roboflow_dataset\3B\dslr__DSC_0135.jpg,C:\Users\MithunvelKL\PycharmProjects\Tile_Sorting\data\roboflow_dataset_augmented\3B\dslr__DSC_0135.jpg,3B,False
C:\Users\MithunvelKL\PycharmProjects\Tile_Sorting\data\roboflow_dataset\3B\dslr__DSC_0135.jpg,C:\Users\MithunvelKL\PycharmProjects\Tile_Sorting\data\roboflow_dataset_augmented\3B\dslr__DSC_0135_aug0.jpg,3B,True
C:\Users\MithunvelKL\PycharmProjects\Tile_Sorting\data\roboflow_dataset\3B\dslr__DSC_0136.jpg,C:\Users\MithunvelKL\PycharmProjects\Tile_Sorting\data\roboflow_dataset_augmented\3B\dslr__DSC_0136.jpg,3B,False
C:\Users\MithunvelKL\PycharmProjects\Tile_Sorting\data\roboflow_dataset\3B\dslr__DSC_0136.jpg,C:\Users\MithunvelKL\PycharmProjects\Tile_Sorting\data\roboflow_dataset_augmented\3B\dslr__DSC_0136_aug0.jpg,3B,True
C:\Users\MithunvelKL\PycharmProjects\Tile_Sorting\data\roboflow_dataset\3B\dslr__DSC_0136.jpg,C:\Users\MithunvelKL\PycharmProjects\Tile_Sorting\data\roboflow_dataset_augmented\3B\dslr__DSC_0136_aug1.jpg,3B,True
C:\Users\MithunvelKL\PycharmProjects\Tile_Sorting\data\roboflow_dataset\3B\dslr__DSC_0137.jpg,C:\Users\MithunvelKL\PycharmProjects\Tile_Sorting\data\roboflow_dataset_augmented\3B\dslr__DSC_0137.jpg,3B,False
C:\Users\MithunvelKL\PycharmProjects\Tile_Sorting\data\roboflow_dataset\3B\dslr__DSC_0137.jpg,C:\Users\MithunvelKL\PycharmProjects\Tile_Sorting\data\roboflow_dataset_augmented\3B\dslr__DSC_0137_aug0.jpg,3B,True
C:\Users\MithunvelKL\PycharmProjects\Tile_Sorting\data\roboflow_dataset\3B\dslr__DSC_0137.jpg,C:\Users\MithunvelKL\PycharmProjects\Tile_Sorting\data\roboflow_dataset_augmented\3B\dslr__DSC_0137_aug1.jpg,3B,True
C:\Users\MithunvelKL\PycharmProjects\Tile_Sorting\data\roboflow_dataset\3B\dslr__DSC_0138.jpg,C:\Users\MithunvelKL\PycharmProjects\Tile_Sorting\data\roboflow_dataset_augmented\3B\dslr__DSC_0138.jpg,3B,False
C:\Users\MithunvelKL\PycharmProjects\Tile_Sorting\data\roboflow_dataset\3B\dslr__DSC_0138.jpg,C:\Users\MithunvelKL\PycharmProjects\Tile_Sorting\data\roboflow_dataset_augmented\3B\dslr__DSC_0138_aug0.jpg,3B,True
C:\Users\MithunvelKL\PycharmProjects\Tile_Sorting\data\roboflow_dataset\3B\dslr__DSC_0138.jpg,C:\Users\MithunvelKL\PycharmProjects\Tile_Sorting\data\roboflow_dataset_augmented\3B\dslr__DSC_0138_aug1.jpg,3B,True
C:\Users\MithunvelKL\PycharmProjects\Tile_Sorting\data\roboflow_dataset\3B\dslr__DSC_0139.jpg,C:\Users\MithunvelKL\PycharmProjects\Tile_Sorting\data\roboflow_dataset_augmented\3B\dslr__DSC_0139.jpg,3B,False
C:\Users\MithunvelKL\PycharmProjects\Tile_Sorting\data\roboflow_dataset\3B\dslr__DSC_0139.jpg,C:\Users\MithunvelKL\PycharmProjects\Tile_Sorting\data\roboflow_dataset_augmented\3B\dslr__DSC_0139_aug0.jpg,3B,True
C:\Users\MithunvelKL\PycharmProjects\Tile_Sorting\data\roboflow_dataset\3B\dslr__DSC_0139.jpg,C:\Users\MithunvelKL\PycharmProjects\Tile_Sorting\data\roboflow_dataset_augmented\3B\dslr__DSC_0139_aug1.jpg,3B,True
C:\Users\MithunvelKL\PycharmProjects\Tile_Sorting\data\roboflow_dataset\3B\dslr__DSC_0140.jpg,C:\Users\MithunvelKL\PycharmProjects\Tile_Sorting\data\roboflow_dataset_augmented\3B\dslr__DSC_0140.jpg,3B,False
C:\Users\MithunvelKL\PycharmProjects\Tile_Sorting\data\roboflow_dataset\3B\dslr__DSC_0140.jpg,C:\Users\MithunvelKL\PycharmProjects\Tile_Sorting\data\roboflow_dataset_augmented\3B\dslr__DSC_0140_aug0.jpg,3B,True
C:\Users\MithunvelKL\PycharmProjects\Tile_Sorting\data\roboflow_dataset\3B\dslr__DSC_0140.jpg,C:\Users\MithunvelKL\PycharmProjects\Tile_Sorting\data\roboflow_dataset_augmented\3B\dslr__DSC_0140_aug1.jpg,3B,True
C:\Users\MithunvelKL\PycharmProjects\Tile_Sorting\data\roboflow_dataset\3B\dslr__DSC_0141.jpg,C:\Users\MithunvelKL\PycharmProjects\Tile_Sorting\data\roboflow_dataset_augmented\3B\dslr__DSC_0141.jpg,3B,False
C:\Users\MithunvelKL\PycharmProjects\Tile_Sorting\data\roboflow_dataset\3B\dslr__DSC_0141.jpg,C:\Users\MithunvelKL\PycharmProjects\Tile_Sorting\data\roboflow_dataset_augmented\3B\dslr__DSC_0141_aug0.jpg,3B,True
C:\Users\MithunvelKL\PycharmProjects\Tile_Sorting\data\roboflow_dataset\3B\dslr__DSC_0142.jpg,C:\Users\MithunvelKL\PycharmProjects\Tile_Sorting\data\roboflow_dataset_augmented\3B\dslr__DSC_0142.jpg,3B,False
C:\Users\MithunvelKL\PycharmProjects\Tile_Sorting\data\roboflow_dataset\3B\dslr__DSC_0142.jpg,C:\Users\MithunvelKL\PycharmProjects\Tile_Sorting\data\roboflow_dataset_augmented\3B\dslr__DSC_0142_aug0.jpg,3B,True
C:\Users\MithunvelKL\PycharmProjects\Tile_Sorting\data\roboflow_dataset\3B\dslr__DSC_0142.jpg,C:\Users\MithunvelKL\PycharmProjects\Tile_Sorting\data\roboflow_dataset_augmented\3B\dslr__DSC_0142_aug1.jpg,3B,True
C:\Users\MithunvelKL\PycharmProjects\Tile_Sorting\data\roboflow_dataset\3B\dslr__DSC_0143.jpg,C:\Users\MithunvelKL\PycharmProjects\Tile_Sorting\data\roboflow_dataset_augmented\3B\dslr__DSC_0143.jpg,3B,False
C:\Users\MithunvelKL\PycharmProjects\Tile_Sorting\data\roboflow_dataset\3B\dslr__DSC_0143.jpg,C:\Users\MithunvelKL\PycharmProjects\Tile_Sorting\data\roboflow_dataset_augmented\3B\dslr__DSC_0143_aug0.jpg,3B,True
C:\Users\MithunvelKL\PycharmProjects\Tile_Sorting\data\roboflow_dataset\3B\dslr__DSC_0144.jpg,C:\Users\MithunvelKL\PycharmProjects\Tile_Sorting\data\roboflow_dataset_augmented\3B\dslr__DSC_0144.jpg,3B,False
C:\Users\MithunvelKL\PycharmProjects\Tile_Sorting\data\roboflow_dataset\3B\dslr__DSC_0144.jpg,C:\Users\MithunvelKL\PycharmProjects\Tile_Sorting\data\roboflow_dataset_augmented\3B\dslr__DSC_0144_aug0.jpg,3B,True
C:\Users\MithunvelKL\PycharmProjects\Tile_Sorting\data\roboflow_dataset\3B\dslr__DSC_0144.jpg,C:\Users\MithunvelKL\PycharmProjects\Tile_Sorting\data\roboflow_dataset_augmented\3B\dslr__DSC_0144_aug1.jpg,3B,True
C:\Users\MithunvelKL\PycharmProjects\Tile_Sorting\data\roboflow_dataset\3B\dslr__DSC_0145.jpg,C:\Users\MithunvelKL\PycharmProjects\Tile_Sorting\data\roboflow_dataset_augmented\3B\dslr__DSC_0145.jpg,3B,False
C:\Users\MithunvelKL\PycharmProjects\Tile_Sorting\data\roboflow_dataset\3B\dslr__DSC_0145.jpg,C:\Users\MithunvelKL\PycharmProjects\Tile_Sorting\data\roboflow_dataset_augmented\3B\dslr__DSC_0145_aug0.jpg,3B,True
C:\Users\MithunvelKL\PycharmProjects\Tile_Sorting\data\roboflow_dataset\3B\dslr__DSC_0145.jpg,C:\Users\MithunvelKL\PycharmProjects\Tile_Sorting\data\roboflow_dataset_augmented\3B\dslr__DSC_0145_aug1.jpg,3B,True
C:\Users\MithunvelKL\PycharmProjects\Tile_Sorting\data\roboflow_dataset\3B\dslr__DSC_0146.jpg,C:\Users\MithunvelKL\PycharmProjects\Tile_Sorting\data\roboflow_dataset_augmented\3B\dslr__DSC_0146.jpg,3B,False
C:\Users\MithunvelKL\PycharmProjects\Tile_Sorting\data\roboflow_dataset\3B\dslr__DSC_0146.jpg,C:\Users\MithunvelKL\PycharmProjects\Tile_Sorting\data\roboflow_dataset_augmented\3B\dslr__DSC_0146_aug0.jpg,3B,True
C:\Users\MithunvelKL\PycharmProjects\Tile_Sorting\data\roboflow_dataset\3B\dslr__DSC_0146.jpg,C:\Users\MithunvelKL\PycharmProjects\Tile_Sorting\data\roboflow_dataset_augmented\3B\dslr__DSC_0146_aug1.jpg,3B,True
C:\Users\MithunvelKL\PycharmProjects\Tile_Sorting\data\roboflow_dataset\3B\dslr__DSC_0147.jpg,C:\Users\MithunvelKL\PycharmProjects\Tile_Sorting\data\roboflow_dataset_augmented\3B\dslr__DSC_0147.jpg,3B,False
C:\Users\MithunvelKL\PycharmProjects\Tile_Sorting\data\roboflow_dataset\3B\dslr__DSC_0147.jpg,C:\Users\MithunvelKL\PycharmProjects\Tile_Sorting\data\roboflow_dataset_augmented\3B\dslr__DSC_0147_aug0.jpg,3B,True
C:\Users\MithunvelKL\PycharmProjects\Tile_Sorting\data\roboflow_dataset\3B\dslr__DSC_0147.jpg,C:\Users\MithunvelKL\PycharmProjects\Tile_Sorting\data\roboflow_dataset_augmented\3B\dslr__DSC_0147_aug1.jpg,3B,True
C:\Users\MithunvelKL\PycharmProjects\Tile_Sorting\data\roboflow_dataset\3B\dslr__DSC_0148.jpg,C:\Users\MithunvelKL\PycharmProjects\Tile_Sorting\data\roboflow_dataset_augmented\3B\dslr__DSC_0148.jpg,3B,False
C:\Users\MithunvelKL\PycharmProjects\Tile_Sorting\data\roboflow_dataset\3B\dslr__DSC_0148.jpg,C:\Users\MithunvelKL\PycharmProjects\Tile_Sorting\data\roboflow_dataset_augmented\3B\dslr__DSC_0148_aug0.jpg,3B,True
C:\Users\MithunvelKL\PycharmProjects\Tile_Sorting\data\roboflow_dataset\3B\dslr__DSC_0148.jpg,C:\Users\MithunvelKL\PycharmProjects\Tile_Sorting\data\roboflow_dataset_augmented\3B\dslr__DSC_0148_aug1.jpg,3B,True
C:\Users\MithunvelKL\PycharmProjects\Tile_Sorting\data\roboflow_dataset\3B\dslr__DSC_0149.jpg,C:\Users\MithunvelKL\PycharmProjects\Tile_Sorting\data\roboflow_dataset_augmented\3B\dslr__DSC_0149.jpg,3B,False
C:\Users\MithunvelKL\PycharmProjects\Tile_Sorting\data\roboflow_dataset\3B\dslr__DSC_0149.jpg,C:\Users\MithunvelKL\PycharmProjects\Tile_Sorting\data\roboflow_dataset_augmented\3B\dslr__DSC_0149_aug0.jpg,3B,True
C:\Users\MithunvelKL\PycharmProjects\Tile_Sorting\data\roboflow_dataset\3B\dslr__DSC_0149.jpg,C:\Users\MithunvelKL\PycharmProjects\Tile_Sorting\data\roboflow_dataset_augmented\3B\dslr__DSC_0149_aug1.jpg,3B,True
C:\Users\MithunvelKL\PycharmProjects\Tile_Sorting\data\roboflow_dataset\3B\dslr__DSC_0150.jpg,C:\Users\MithunvelKL\PycharmProjects\Tile_Sorting\data\roboflow_dataset_augmented\3B\dslr__DSC_0150.jpg,3B,False
C:\Users\MithunvelKL\PycharmProjects\Tile_Sorting\data\roboflow_dataset\3B\dslr__DSC_0150.jpg,C:\Users\MithunvelKL\PycharmProjects\Tile_Sorting\data\roboflow_dataset_augmented\3B\dslr__DSC_0150_aug0.jpg,3B,True
C:\Users\MithunvelKL\PycharmProjects\Tile_Sorting\data\roboflow_dataset\3B\dslr__DSC_0150.jpg,C:\Users\MithunvelKL\PycharmProjects\Tile_Sorting\data\roboflow_dataset_augmented\3B\dslr__DSC_0150_aug1.jpg,3B,True
C:\Users\MithunvelKL\PycharmProjects\Tile_Sorting\data\roboflow_dataset\3B\dslr__DSC_0151.jpg,C:\Users\MithunvelKL\PycharmProjects\Tile_Sorting\data\roboflow_dataset_augmented\3B\dslr__DSC_0151.jpg,3B,False
C:\Users\MithunvelKL\PycharmProjects\Tile_Sorting\data\roboflow_dataset\3B\dslr__DSC_0151.jpg,C:\Users\MithunvelKL\PycharmProjects\Tile_Sorting\data\roboflow_dataset_augmented\3B\dslr__DSC_0151_aug0.jpg,3B,True
C:\Users\MithunvelKL\PycharmProjects\Tile_Sorting\data\roboflow_dataset\3B\dslr__DSC_0151.jpg,C:\Users\MithunvelKL\PycharmProjects\Tile_Sorting\data\roboflow_dataset_augmented\3B\dslr__DSC_0151_aug1.jpg,3B,True
C:\Users\MithunvelKL\PycharmProjects\Tile_Sorting\data\roboflow_dataset\3B\dslr__DSC_0152.jpg,C:\Users\MithunvelKL\PycharmProjects\Tile_Sorting\data\roboflow_dataset_augmented\3B\dslr__DSC_0152.jpg,3B,False
C:\Users\MithunvelKL\PycharmProjects\Tile_Sorting\data\roboflow_dataset\3B\dslr__DSC_0152.jpg,C:\Users\MithunvelKL\PycharmProjects\Tile_Sorting\data\roboflow_dataset_augmented\3B\dslr__DSC_0152_aug0.jpg,3B,True
C:\Users\MithunvelKL\PycharmProjects\Tile_Sorting\data\roboflow_dataset\3B\dslr__DSC_0152.jpg,C:\Users\MithunvelKL\PycharmProjects\Tile_Sorting\data\roboflow_dataset_augmented\3B\dslr__DSC_0152_aug1.jpg,3B,True
C:\Users\MithunvelKL\PycharmProjects\Tile_Sorting\data\roboflow_dataset\3B\dslr__DSC_0153.jpg,C:\Users\MithunvelKL\PycharmProjects\Tile_Sorting\data\roboflow_dataset_augmented\3B\dslr__DSC_0153.jpg,3B,False
C:\Users\MithunvelKL\PycharmProjects\Tile_Sorting\data\roboflow_dataset\3B\dslr__DSC_0153.jpg,C:\Users\MithunvelKL\PycharmProjects\Tile_Sorting\data\roboflow_dataset_augmented\3B\dslr__DSC_0153_aug0.jpg,3B,True
C:\Users\MithunvelKL\PycharmProjects\Tile_Sorting\data\roboflow_dataset\3B\dslr__DSC_0153.jpg,C:\Users\MithunvelKL\PycharmProjects\Tile_Sorting\data\roboflow_dataset_augmented\3B\dslr__DSC_0153_aug1.jpg,3B,True
C:\Users\MithunvelKL\PycharmProjects\Tile_Sorting\data\roboflow_dataset\3B\dslr__DSC_0154.jpg,C:\Users\MithunvelKL\PycharmProjects\Tile_Sorting\data\roboflow_dataset_augmented\3B\dslr__DSC_0154.jpg,3B,False
C:\Users\MithunvelKL\PycharmProjects\Tile_Sorting\data\roboflow_dataset\3B\dslr__DSC_0154.jpg,C:\Users\MithunvelKL\PycharmProjects\Tile_Sorting\data\roboflow_dataset_augmented\3B\dslr__DSC_0154_aug0.jpg,3B,True
C:\Users\MithunvelKL\PycharmProjects\Tile_Sorting\data\roboflow_dataset\3B\dslr__DSC_0155.jpg,C:\Users\MithunvelKL\PycharmProjects\Tile_Sorting\data\roboflow_dataset_augmented\3B\dslr__DSC_0155.jpg,3B,False
C:\Users\MithunvelKL\PycharmProjects\Tile_Sorting\data\roboflow_dataset\3B\dslr__DSC_0155.jpg,C:\Users\MithunvelKL\PycharmProjects\Tile_Sorting\data\roboflow_dataset_augmented\3B\dslr__DSC_0155_aug0.jpg,3B,True
C:\Users\MithunvelKL\PycharmProjects\Tile_Sorting\data\roboflow_dataset\3B\dslr__DSC_0155.jpg,C:\Users\MithunvelKL\PycharmProjects\Tile_Sorting\data\roboflow_dataset_augmented\3B\dslr__DSC_0155_aug1.jpg,3B,True
C:\Users\MithunvelKL\PycharmProjects\Tile_Sorting\data\roboflow_dataset\3B\dslr__DSC_0156.jpg,C:\Users\MithunvelKL\PycharmProjects\Tile_Sorting\data\roboflow_dataset_augmented\3B\dslr__DSC_0156.jpg,3B,False
C:\Users\MithunvelKL\PycharmProjects\Tile_Sorting\data\roboflow_dataset\3B\dslr__DSC_0156.jpg,C:\Users\MithunvelKL\PycharmProjects\Tile_Sorting\data\roboflow_dataset_augmented\3B\dslr__DSC_0156_aug0.jpg,3B,True
C:\Users\MithunvelKL\PycharmProjects\Tile_Sorting\data\roboflow_dataset\3B\dslr__DSC_0156.jpg,C:\Users\MithunvelKL\PycharmProjects\Tile_Sorting\data\roboflow_dataset_augmented\3B\dslr__DSC_0156_aug1.jpg,3B,True
C:\Users\MithunvelKL\PycharmProjects\Tile_Sorting\data\roboflow_dataset\3B\dslr__DSC_0157.jpg,C:\Users\MithunvelKL\PycharmProjects\Tile_Sorting\data\roboflow_dataset_augmented\3B\dslr__DSC_0157.jpg,3B,False
C:\Users\MithunvelKL\PycharmProjects\Tile_Sorting\data\roboflow_dataset\3B\dslr__DSC_0157.jpg,C:\Users\MithunvelKL\PycharmProjects\Tile_Sorting\data\roboflow_dataset_augmented\3B\dslr__DSC_0157_aug0.jpg,3B,True
C:\Users\MithunvelKL\PycharmProjects\Tile_Sorting\data\roboflow_dataset\3B\dslr__DSC_0157.jpg,C:\Users\MithunvelKL\PycharmProjects\Tile_Sorting\data\roboflow_dataset_augmented\3B\dslr__DSC_0157_aug1.jpg,3B,True
C:\Users\MithunvelKL\PycharmProjects\Tile_Sorting\data\roboflow_dataset\3B\dslr__DSC_0158.jpg,C:\Users\MithunvelKL\PycharmProjects\Tile_Sorting\data\roboflow_dataset_augmented\3B\dslr__DSC_0158.jpg,3B,False
C:\Users\MithunvelKL\PycharmProjects\Tile_Sorting\data\roboflow_dataset\3B\dslr__DSC_0158.jpg,C:\Users\MithunvelKL\PycharmProjects\Tile_Sorting\data\roboflow_dataset_augmented\3B\dslr__DSC_0158_aug0.jpg,3B,True
C:\Users\MithunvelKL\PycharmProjects\Tile_Sorting\data\roboflow_dataset\3B\dslr__DSC_0158.jpg,C:\Users\MithunvelKL\PycharmProjects\Tile_Sorting\data\roboflow_dataset_augmented\3B\dslr__DSC_0158_aug1.jpg,3B,True
C:\Users\MithunvelKL\PycharmProjects\Tile_Sorting\data\roboflow_dataset\3B\dslr__DSC_0159.jpg,C:\Users\MithunvelKL\PycharmProjects\Tile_Sorting\data\roboflow_dataset_augmented\3B\dslr__DSC_0159.jpg,3B,False
C:\Users\MithunvelKL\PycharmProjects\Tile_Sorting\data\roboflow_dataset\3B\dslr__DSC_0159.jpg,C:\Users\MithunvelKL\PycharmProjects\Tile_Sorting\data\roboflow_dataset_augmented\3B\dslr__DSC_0159_aug0.jpg,3B,True
C:\Users\MithunvelKL\PycharmProjects\Tile_Sorting\data\roboflow_dataset\3B\dslr__DSC_0160.jpg,C:\Users\MithunvelKL\PycharmProjects\Tile_Sorting\data\roboflow_dataset_augmented\3B\dslr__DSC_0160.jpg,3B,False
C:\Users\MithunvelKL\PycharmProjects\Tile_Sorting\data\roboflow_dataset\3B\dslr__DSC_0160.jpg,C:\Users\MithunvelKL\PycharmProjects\Tile_Sorting\data\roboflow_dataset_augmented\3B\dslr__DSC_0160_aug0.jpg,3B,True
C:\Users\MithunvelKL\PycharmProjects\Tile_Sorting\data\roboflow_dataset\3B\dslr__DSC_0160.jpg,C:\Users\MithunvelKL\PycharmProjects\Tile_Sorting\data\roboflow_dataset_augmented\3B\dslr__DSC_0160_aug1.jpg,3B,True
C:\Users\MithunvelKL\PycharmProjects\Tile_Sorting\data\roboflow_dataset\3B\dslr__DSC_0161.jpg,C:\Users\MithunvelKL\PycharmProjects\Tile_Sorting\data\roboflow_dataset_augmented\3B\dslr__DSC_0161.jpg,3B,False
C:\Users\MithunvelKL\PycharmProjects\Tile_Sorting\data\roboflow_dataset\3B\dslr__DSC_0161.jpg,C:\Users\MithunvelKL\PycharmProjects\Tile_Sorting\data\roboflow_dataset_augmented\3B\dslr__DSC_0161_aug0.jpg,3B,True
C:\Users\MithunvelKL\PycharmProjects\Tile_Sorting\data\roboflow_dataset\3B\dslr__DSC_0161.jpg,C:\Users\MithunvelKL\PycharmProjects\Tile_Sorting\data\roboflow_dataset_augmented\3B\dslr__DSC_0161_aug1.jpg,3B,True
C:\Users\MithunvelKL\PycharmProjects\Tile_Sorting\data\roboflow_dataset\3B\dslr__DSC_0162.jpg,C:\Users\MithunvelKL\PycharmProjects\Tile_Sorting\data\roboflow_dataset_augmented\3B\dslr__DSC_0162.jpg,3B,False
C:\Users\MithunvelKL\PycharmProjects\Tile_Sorting\data\roboflow_dataset\3B\dslr__DSC_0162.jpg,C:\Users\MithunvelKL\PycharmProjects\Tile_Sorting\data\roboflow_dataset_augmented\3B\dslr__DSC_0162_aug0.jpg,3B,True
C:\Users\MithunvelKL\PycharmProjects\Tile_Sorting\data\roboflow_dataset\3B\dslr__DSC_0162.jpg,C:\Users\MithunvelKL\PycharmProjects\Tile_Sorting\data\roboflow_dataset_augmented\3B\dslr__DSC_0162_aug1.jpg,3B,True
C:\Users\MithunvelKL\PycharmProjects\Tile_Sorting\data\roboflow_dataset\3B\dslr__DSC_0163.jpg,C:\Users\MithunvelKL\PycharmProjects\Tile_Sorting\data\roboflow_dataset_augmented\3B\dslr__DSC_0163.jpg,3B,False
C:\Users\MithunvelKL\PycharmProjects\Tile_Sorting\data\roboflow_dataset\3B\dslr__DSC_0163.jpg,C:\Users\MithunvelKL\PycharmProjects\Tile_Sorting\data\roboflow_dataset_augmented\3B\dslr__DSC_0163_aug0.jpg,3B,True
C:\Users\MithunvelKL\PycharmProjects\Tile_Sorting\data\roboflow_dataset\3B\dslr__DSC_0163.jpg,C:\Users\MithunvelKL\PycharmProjects\Tile_Sorting\data\roboflow_dataset_augmented\3B\dslr__DSC_0163_aug1.jpg,3B,True
C:\Users\MithunvelKL\PycharmProjects\Tile_Sorting\data\roboflow_dataset\3B\dslr__DSC_0164.jpg,C:\Users\MithunvelKL\PycharmProjects\Tile_Sorting\data\roboflow_dataset_augmented\3B\dslr__DSC_0164.jpg,3B,False
C:\Users\MithunvelKL\PycharmProjects\Tile_Sorting\data\roboflow_dataset\3B\dslr__DSC_0164.jpg,C:\Users\MithunvelKL\PycharmProjects\Tile_Sorting\data\roboflow_dataset_augmented\3B\dslr__DSC_0164_aug0.jpg,3B,True
C:\Users\MithunvelKL\PycharmProjects\Tile_Sorting\data\roboflow_dataset\3B\dslr__DSC_0164.jpg,C:\Users\MithunvelKL\PycharmProjects\Tile_Sorting\data\roboflow_dataset_augmented\3B\dslr__DSC_0164_aug1.jpg,3B,True
C:\Users\MithunvelKL\PycharmProjects\Tile_Sorting\data\roboflow_dataset\3B\dslr__DSC_0165.jpg,C:\Users\MithunvelKL\PycharmProjects\Tile_Sorting\data\roboflow_dataset_augmented\3B\dslr__DSC_0165.jpg,3B,False
C:\Users\MithunvelKL\PycharmProjects\Tile_Sorting\data\roboflow_dataset\3B\dslr__DSC_0165.jpg,C:\Users\MithunvelKL\PycharmProjects\Tile_Sorting\data\roboflow_dataset_augmented\3B\dslr__DSC_0165_aug0.jpg,3B,True
C:\Users\MithunvelKL\PycharmProjects\Tile_Sorting\data\roboflow_dataset\3B\dslr__DSC_0166.jpg,C:\Users\MithunvelKL\PycharmProjects\Tile_Sorting\data\roboflow_dataset_augmented\3B\dslr__DSC_0166.jpg,3B,False
C:\Users\MithunvelKL\PycharmProjects\Tile_Sorting\data\roboflow_dataset\3B\dslr__DSC_0166.jpg,C:\Users\MithunvelKL\PycharmProjects\Tile_Sorting\data\roboflow_dataset_augmented\3B\dslr__DSC_0166_aug0.jpg,3B,True
C:\Users\MithunvelKL\PycharmProjects\Tile_Sorting\data\roboflow_dataset\3B\dslr__DSC_0166.jpg,C:\Users\MithunvelKL\PycharmProjects\Tile_Sorting\data\roboflow_dataset_augmented\3B\dslr__DSC_0166_aug1.jpg,3B,True
C:\Users\MithunvelKL\PycharmProjects\Tile_Sorting\data\roboflow_dataset\3B\dslr__DSC_0167.jpg,C:\Users\MithunvelKL\PycharmProjects\Tile_Sorting\data\roboflow_dataset_augmented\3B\dslr__DSC_0167.jpg,3B,False
C:\Users\MithunvelKL\PycharmProjects\Tile_Sorting\data\roboflow_dataset\3B\dslr__DSC_0167.jpg,C:\Users\MithunvelKL\PycharmProjects\Tile_Sorting\data\roboflow_dataset_augmented\3B\dslr__DSC_0167_aug0.jpg,3B,True
C:\Users\MithunvelKL\PycharmProjects\Tile_Sorting\data\roboflow_dataset\3B\dslr__DSC_0168.jpg,C:\Users\MithunvelKL\PycharmProjects\Tile_Sorting\data\roboflow_dataset_augmented\3B\dslr__DSC_0168.jpg,3B,False
C:\Users\MithunvelKL\PycharmProjects\Tile_Sorting\data\roboflow_dataset\3B\dslr__DSC_0168.jpg,C:\Users\MithunvelKL\PycharmProjects\Tile_Sorting\data\roboflow_dataset_augmented\3B\dslr__DSC_0168_aug0.jpg,3B,True
C:\Users\MithunvelKL\PycharmProjects\Tile_Sorting\data\roboflow_dataset\3B\dslr__DSC_0168.jpg,C:\Users\MithunvelKL\PycharmProjects\Tile_Sorting\data\roboflow_dataset_augmented\3B\dslr__DSC_0168_aug1.jpg,3B,True
C:\Users\MithunvelKL\PycharmProjects\Tile_Sorting\data\roboflow_dataset\3B\dslr__DSC_0169.jpg,C:\Users\MithunvelKL\PycharmProjects\Tile_Sorting\data\roboflow_dataset_augmented\3B\dslr__DSC_0169.jpg,3B,False
C:\Users\MithunvelKL\PycharmProjects\Tile_Sorting\data\roboflow_dataset\3B\dslr__DSC_0169.jpg,C:\Users\MithunvelKL\PycharmProjects\Tile_Sorting\data\roboflow_dataset_augmented\3B\dslr__DSC_0169_aug0.jpg,3B,True
C:\Users\MithunvelKL\PycharmProjects\Tile_Sorting\data\roboflow_dataset\3B\dslr__DSC_0170.jpg,C:\Users\MithunvelKL\PycharmProjects\Tile_Sorting\data\roboflow_dataset_augmented\3B\dslr__DSC_0170.jpg,3B,False
C:\Users\MithunvelKL\PycharmProjects\Tile_Sorting\data\roboflow_dataset\3B\dslr__DSC_0170.jpg,C:\Users\MithunvelKL\PycharmProjects\Tile_Sorting\data\roboflow_dataset_augmented\3B\dslr__DSC_0170_aug0.jpg,3B,True
C:\Users\MithunvelKL\PycharmProjects\Tile_Sorting\data\roboflow_dataset\3B\dslr__DSC_0170.jpg,C:\Users\MithunvelKL\PycharmProjects\Tile_Sorting\data\roboflow_dataset_augmented\3B\dslr__DSC_0170_aug1.jpg,3B,True
C:\Users\MithunvelKL\PycharmProjects\Tile_Sorting\data\roboflow_dataset\3B\dslr__DSC_0171.jpg,C:\Users\MithunvelKL\PycharmProjects\Tile_Sorting\data\roboflow_dataset_augmented\3B\dslr__DSC_0171.jpg,3B,False
C:\Users\MithunvelKL\PycharmProjects\Tile_Sorting\data\roboflow_dataset\3B\dslr__DSC_0171.jpg,C:\Users\MithunvelKL\PycharmProjects\Tile_Sorting\data\roboflow_dataset_augmented\3B\dslr__DSC_0171_aug0.jpg,3B,True
C:\Users\MithunvelKL\PycharmProjects\Tile_Sorting\data\roboflow_dataset\3B\dslr__DSC_0171.jpg,C:\Users\MithunvelKL\PycharmProjects\Tile_Sorting\data\roboflow_dataset_augmented\3B\dslr__DSC_0171_aug1.jpg,3B,True
C:\Users\MithunvelKL\PycharmProjects\Tile_Sorting\data\roboflow_dataset\3B\dslr__DSC_0172.jpg,C:\Users\MithunvelKL\PycharmProjects\Tile_Sorting\data\roboflow_dataset_augmented\3B\dslr__DSC_0172.jpg,3B,False
C:\Users\MithunvelKL\PycharmProjects\Tile_Sorting\data\roboflow_dataset\3B\dslr__DSC_0172.jpg,C:\Users\MithunvelKL\PycharmProjects\Tile_Sorting\data\roboflow_dataset_augmented\3B\dslr__DSC_0172_aug0.jpg,3B,True
C:\Users\MithunvelKL\PycharmProjects\Tile_Sorting\data\roboflow_dataset\3B\dslr__DSC_0172.jpg,C:\Users\MithunvelKL\PycharmProjects\Tile_Sorting\data\roboflow_dataset_augmented\3B\dslr__DSC_0172_aug1.jpg,3B,True
C:\Users\MithunvelKL\PycharmProjects\Tile_Sorting\data\roboflow_dataset\3B\dslr__DSC_0173.jpg,C:\Users\MithunvelKL\PycharmProjects\Tile_Sorting\data\roboflow_dataset_augmented\3B\dslr__DSC_0173.jpg,3B,False
C:\Users\MithunvelKL\PycharmProjects\Tile_Sorting\data\roboflow_dataset\3B\dslr__DSC_0173.jpg,C:\Users\MithunvelKL\PycharmProjects\Tile_Sorting\data\roboflow_dataset_augmented\3B\dslr__DSC_0173_aug0.jpg,3B,True
C:\Users\MithunvelKL\PycharmProjects\Tile_Sorting\data\roboflow_dataset\3B\dslr__DSC_0173.jpg,C:\Users\MithunvelKL\PycharmProjects\Tile_Sorting\data\roboflow_dataset_augmented\3B\dslr__DSC_0173_aug1.jpg,3B,True
C:\Users\MithunvelKL\PycharmProjects\Tile_Sorting\data\roboflow_dataset\3B\dslr__DSC_0174.jpg,C:\Users\MithunvelKL\PycharmProjects\Tile_Sorting\data\roboflow_dataset_augmented\3B\dslr__DSC_0174.jpg,3B,False
C:\Users\MithunvelKL\PycharmProjects\Tile_Sorting\data\roboflow_dataset\3B\dslr__DSC_0174.jpg,C:\Users\MithunvelKL\PycharmProjects\Tile_Sorting\data\roboflow_dataset_augmented\3B\dslr__DSC_0174_aug0.jpg,3B,True
C:\Users\MithunvelKL\PycharmProjects\Tile_Sorting\data\roboflow_dataset\3B\dslr__DSC_0175.jpg,C:\Users\MithunvelKL\PycharmProjects\Tile_Sorting\data\roboflow_dataset_augmented\3B\dslr__DSC_0175.jpg,3B,False
C:\Users\MithunvelKL\PycharmProjects\Tile_Sorting\data\roboflow_dataset\3B\dslr__DSC_0175.jpg,C:\Users\MithunvelKL\PycharmProjects\Tile_Sorting\data\roboflow_dataset_augmented\3B\dslr__DSC_0175_aug0.jpg,3B,True
C:\Users\MithunvelKL\PycharmProjects\Tile_Sorting\data\roboflow_dataset\3B\dslr__DSC_0175.jpg,C:\Users\MithunvelKL\PycharmProjects\Tile_Sorting\data\roboflow_dataset_augmented\3B\dslr__DSC_0175_aug1.jpg,3B,True
C:\Users\MithunvelKL\PycharmProjects\Tile_Sorting\data\roboflow_dataset\3B\dslr__DSC_0176.jpg,C:\Users\MithunvelKL\PycharmProjects\Tile_Sorting\data\roboflow_dataset_augmented\3B\dslr__DSC_0176.jpg,3B,False
C:\Users\MithunvelKL\PycharmProjects\Tile_Sorting\data\roboflow_dataset\3B\dslr__DSC_0176.jpg,C:\Users\MithunvelKL\PycharmProjects\Tile_Sorting\data\roboflow_dataset_augmented\3B\dslr__DSC_0176_aug0.jpg,3B,True
C:\Users\MithunvelKL\PycharmProjects\Tile_Sorting\data\roboflow_dataset\3B\dslr__DSC_0177.jpg,C:\Users\MithunvelKL\PycharmProjects\Tile_Sorting\data\roboflow_dataset_augmented\3B\dslr__DSC_0177.jpg,3B,False
C:\Users\MithunvelKL\PycharmProjects\Tile_Sorting\data\roboflow_dataset\3B\dslr__DSC_0177.jpg,C:\Users\MithunvelKL\PycharmProjects\Tile_Sorting\data\roboflow_dataset_augmented\3B\dslr__DSC_0177_aug0.jpg,3B,True
C:\Users\MithunvelKL\PycharmProjects\Tile_Sorting\data\roboflow_dataset\3B\dslr__DSC_0177.jpg,C:\Users\MithunvelKL\PycharmProjects\Tile_Sorting\data\roboflow_dataset_augmented\3B\dslr__DSC_0177_aug1.jpg,3B,True
C:\Users\MithunvelKL\PycharmProjects\Tile_Sorting\data\roboflow_dataset\3B\dslr__DSC_0178.jpg,C:\Users\MithunvelKL\PycharmProjects\Tile_Sorting\data\roboflow_dataset_augmented\3B\dslr__DSC_0178.jpg,3B,False
C:\Users\MithunvelKL\PycharmProjects\Tile_Sorting\data\roboflow_dataset\3B\dslr__DSC_0178.jpg,C:\Users\MithunvelKL\PycharmProjects\Tile_Sorting\data\roboflow_dataset_augmented\3B\dslr__DSC_0178_aug0.jpg,3B,True
C:\Users\MithunvelKL\PycharmProjects\Tile_Sorting\data\roboflow_dataset\3B\dslr__DSC_0179.jpg,C:\Users\MithunvelKL\PycharmProjects\Tile_Sorting\data\roboflow_dataset_augmented\3B\dslr__DSC_0179.jpg,3B,False
C:\Users\MithunvelKL\PycharmProjects\Tile_Sorting\data\roboflow_dataset\3B\dslr__DSC_0179.jpg,C:\Users\MithunvelKL\PycharmProjects\Tile_Sorting\data\roboflow_dataset_augmented\3B\dslr__DSC_0179_aug0.jpg,3B,True
C:\Users\MithunvelKL\PycharmProjects\Tile_Sorting\data\roboflow_dataset\3B\dslr__DSC_0180.jpg,C:\Users\MithunvelKL\PycharmProjects\Tile_Sorting\data\roboflow_dataset_augmented\3B\dslr__DSC_0180.jpg,3B,False
C:\Users\MithunvelKL\PycharmProjects\Tile_Sorting\data\roboflow_dataset\3B\dslr__DSC_0180.jpg,C:\Users\MithunvelKL\PycharmProjects\Tile_Sorting\data\roboflow_dataset_augmented\3B\dslr__DSC_0180_aug0.jpg,3B,True
C:\Users\MithunvelKL\PycharmProjects\Tile_Sorting\data\roboflow_dataset\3B\dslr__DSC_0180.jpg,C:\Users\MithunvelKL\PycharmProjects\Tile_Sorting\data\roboflow_dataset_augmented\3B\dslr__DSC_0180_aug1.jpg,3B,True
C:\Users\MithunvelKL\PycharmProjects\Tile_Sorting\data\roboflow_dataset\3B\dslr__DSC_0181.jpg,C:\Users\MithunvelKL\PycharmProjects\Tile_Sorting\data\roboflow_dataset_augmented\3B\dslr__DSC_0181.jpg,3B,False
C:\Users\MithunvelKL\PycharmProjects\Tile_Sorting\data\roboflow_dataset\3B\dslr__DSC_0181.jpg,C:\Users\MithunvelKL\PycharmProjects\Tile_Sorting\data\roboflow_dataset_augmented\3B\dslr__DSC_0181_aug0.jpg,3B,True
C:\Users\MithunvelKL\PycharmProjects\Tile_Sorting\data\roboflow_dataset\3B\dslr__DSC_0181.jpg,C:\Users\MithunvelKL\PycharmProjects\Tile_Sorting\data\roboflow_dataset_augmented\3B\dslr__DSC_0181_aug1.jpg,3B,True
C:\Users\MithunvelKL\PycharmProjects\Tile_Sorting\data\roboflow_dataset\3B\dslr__DSC_0182.jpg,C:\Users\MithunvelKL\PycharmProjects\Tile_Sorting\data\roboflow_dataset_augmented\3B\dslr__DSC_0182.jpg,3B,False
C:\Users\MithunvelKL\PycharmProjects\Tile_Sorting\data\roboflow_dataset\3B\dslr__DSC_0182.jpg,C:\Users\MithunvelKL\PycharmProjects\Tile_Sorting\data\roboflow_dataset_augmented\3B\dslr__DSC_0182_aug0.jpg,3B,True
C:\Users\MithunvelKL\PycharmProjects\Tile_Sorting\data\roboflow_dataset\3B\dslr__DSC_0183.jpg,C:\Users\MithunvelKL\PycharmProjects\Tile_Sorting\data\roboflow_dataset_augmented\3B\dslr__DSC_0183.jpg,3B,False
C:\Users\MithunvelKL\PycharmProjects\Tile_Sorting\data\roboflow_dataset\3B\dslr__DSC_0183.jpg,C:\Users\MithunvelKL\PycharmProjects\Tile_Sorting\data\roboflow_dataset_augmented\3B\dslr__DSC_0183_aug0.jpg,3B,True
C:\Users\MithunvelKL\PycharmProjects\Tile_Sorting\data\roboflow_dataset\3B\dslr__DSC_0183.jpg,C:\Users\MithunvelKL\PycharmProjects\Tile_Sorting\data\roboflow_dataset_augmented\3B\dslr__DSC_0183_aug1.jpg,3B,True
C:\Users\MithunvelKL\PycharmProjects\Tile_Sorting\data\roboflow_dataset\3B\dslr__DSC_0184.jpg,C:\Users\MithunvelKL\PycharmProjects\Tile_Sorting\data\roboflow_dataset_augmented\3B\dslr__DSC_0184.jpg,3B,False
C:\Users\MithunvelKL\PycharmProjects\Tile_Sorting\data\roboflow_dataset\3B\dslr__DSC_0184.jpg,C:\Users\MithunvelKL\PycharmProjects\Tile_Sorting\data\roboflow_dataset_augmented\3B\dslr__DSC_0184_aug0.jpg,3B,True
C:\Users\MithunvelKL\PycharmProjects\Tile_Sorting\data\roboflow_dataset\3B\dslr__DSC_0184.jpg,C:\Users\MithunvelKL\PycharmProjects\Tile_Sorting\data\roboflow_dataset_augmented\3B\dslr__DSC_0184_aug1.jpg,3B,True
C:\Users\MithunvelKL\PycharmProjects\Tile_Sorting\data\roboflow_dataset\3B\dslr__DSC_0185.jpg,C:\Users\MithunvelKL\PycharmProjects\Tile_Sorting\data\roboflow_dataset_augmented\3B\dslr__DSC_0185.jpg,3B,False
C:\Users\MithunvelKL\PycharmProjects\Tile_Sorting\data\roboflow_dataset\3B\dslr__DSC_0185.jpg,C:\Users\MithunvelKL\PycharmProjects\Tile_Sorting\data\roboflow_dataset_augmented\3B\dslr__DSC_0185_aug0.jpg,3B,True
C:\Users\MithunvelKL\PycharmProjects\Tile_Sorting\data\roboflow_dataset\3B\dslr__DSC_0185.jpg,C:\Users\MithunvelKL\PycharmProjects\Tile_Sorting\data\roboflow_dataset_augmented\3B\dslr__DSC_0185_aug1.jpg,3B,True
C:\Users\MithunvelKL\PycharmProjects\Tile_Sorting\data\roboflow_dataset\3B\dslr__DSC_0186.jpg,C:\Users\MithunvelKL\PycharmProjects\Tile_Sorting\data\roboflow_dataset_augmented\3B\dslr__DSC_0186.jpg,3B,False
C:\Users\MithunvelKL\PycharmProjects\Tile_Sorting\data\roboflow_dataset\3B\dslr__DSC_0186.jpg,C:\Users\MithunvelKL\PycharmProjects\Tile_Sorting\data\roboflow_dataset_augmented\3B\dslr__DSC_0186_aug0.jpg,3B,True
C:\Users\MithunvelKL\PycharmProjects\Tile_Sorting\data\roboflow_dataset\3B\dslr__DSC_0187.jpg,C:\Users\MithunvelKL\PycharmProjects\Tile_Sorting\data\roboflow_dataset_augmented\3B\dslr__DSC_0187.jpg,3B,False
C:\Users\MithunvelKL\PycharmProjects\Tile_Sorting\data\roboflow_dataset\3B\dslr__DSC_0187.jpg,C:\Users\MithunvelKL\PycharmProjects\Tile_Sorting\data\roboflow_dataset_augmented\3B\dslr__DSC_0187_aug0.jpg,3B,True
C:\Users\MithunvelKL\PycharmProjects\Tile_Sorting\data\roboflow_dataset\3B\dslr__DSC_0188.jpg,C:\Users\MithunvelKL\PycharmProjects\Tile_Sorting\data\roboflow_dataset_augmented\3B\dslr__DSC_0188.jpg,3B,False
C:\Users\MithunvelKL\PycharmProjects\Tile_Sorting\data\roboflow_dataset\3B\dslr__DSC_0188.jpg,C:\Users\MithunvelKL\PycharmProjects\Tile_Sorting\data\roboflow_dataset_augmented\3B\dslr__DSC_0188_aug0.jpg,3B,True
C:\Users\MithunvelKL\PycharmProjects\Tile_Sorting\data\roboflow_dataset\3B\dslr__DSC_0189.jpg,C:\Users\MithunvelKL\PycharmProjects\Tile_Sorting\data\roboflow_dataset_augmented\3B\dslr__DSC_0189.jpg,3B,False
C:\Users\MithunvelKL\PycharmProjects\Tile_Sorting\data\roboflow_dataset\3B\dslr__DSC_0189.jpg,C:\Users\MithunvelKL\PycharmProjects\Tile_Sorting\data\roboflow_dataset_augmented\3B\dslr__DSC_0189_aug0.jpg,3B,True
C:\Users\MithunvelKL\PycharmProjects\Tile_Sorting\data\roboflow_dataset\3B\dslr__DSC_0189.jpg,C:\Users\MithunvelKL\PycharmProjects\Tile_Sorting\data\roboflow_dataset_augmented\3B\dslr__DSC_0189_aug1.jpg,3B,True
C:\Users\MithunvelKL\PycharmProjects\Tile_Sorting\data\roboflow_dataset\3B\dslr__DSC_0190.jpg,C:\Users\MithunvelKL\PycharmProjects\Tile_Sorting\data\roboflow_dataset_augmented\3B\dslr__DSC_0190.jpg,3B,False
C:\Users\MithunvelKL\PycharmProjects\Tile_Sorting\data\roboflow_dataset\3B\dslr__DSC_0190.jpg,C:\Users\MithunvelKL\PycharmProjects\Tile_Sorting\data\roboflow_dataset_augmented\3B\dslr__DSC_0190_aug0.jpg,3B,True
C:\Users\MithunvelKL\PycharmProjects\Tile_Sorting\data\roboflow_dataset\3B\dslr__DSC_0191.jpg,C:\Users\MithunvelKL\PycharmProjects\Tile_Sorting\data\roboflow_dataset_augmented\3B\dslr__DSC_0191.jpg,3B,False
C:\Users\MithunvelKL\PycharmProjects\Tile_Sorting\data\roboflow_dataset\3B\dslr__DSC_0191.jpg,C:\Users\MithunvelKL\PycharmProjects\Tile_Sorting\data\roboflow_dataset_augmented\3B\dslr__DSC_0191_aug0.jpg,3B,True
C:\Users\MithunvelKL\PycharmProjects\Tile_Sorting\data\roboflow_dataset\3B\dslr__DSC_0191.jpg,C:\Users\MithunvelKL\PycharmProjects\Tile_Sorting\data\roboflow_dataset_augmented\3B\dslr__DSC_0191_aug1.jpg,3B,True
C:\Users\MithunvelKL\PycharmProjects\Tile_Sorting\data\roboflow_dataset\3B\dslr__DSC_0192.jpg,C:\Users\MithunvelKL\PycharmProjects\Tile_Sorting\data\roboflow_dataset_augmented\3B\dslr__DSC_0192.jpg,3B,False
C:\Users\MithunvelKL\PycharmProjects\Tile_Sorting\data\roboflow_dataset\3B\dslr__DSC_0192.jpg,C:\Users\MithunvelKL\PycharmProjects\Tile_Sorting\data\roboflow_dataset_augmented\3B\dslr__DSC_0192_aug0.jpg,3B,True
C:\Users\MithunvelKL\PycharmProjects\Tile_Sorting\data\roboflow_dataset\3B\dslr__DSC_0192.jpg,C:\Users\MithunvelKL\PycharmProjects\Tile_Sorting\data\roboflow_dataset_augmented\3B\dslr__DSC_0192_aug1.jpg,3B,True
C:\Users\MithunvelKL\PycharmProjects\Tile_Sorting\data\roboflow_dataset\3B\dslr__DSC_0193.jpg,C:\Users\MithunvelKL\PycharmProjects\Tile_Sorting\data\roboflow_dataset_augmented\3B\dslr__DSC_0193.jpg,3B,False
C:\Users\MithunvelKL\PycharmProjects\Tile_Sorting\data\roboflow_dataset\3B\dslr__DSC_0193.jpg,C:\Users\MithunvelKL\PycharmProjects\Tile_Sorting\data\roboflow_dataset_augmented\3B\dslr__DSC_0193_aug0.jpg,3B,True
C:\Users\MithunvelKL\PycharmProjects\Tile_Sorting\data\roboflow_dataset\3B\dslr__DSC_0193.jpg,C:\Users\MithunvelKL\PycharmProjects\Tile_Sorting\data\roboflow_dataset_augmented\3B\dslr__DSC_0193_aug1.jpg,3B,True
C:\Users\MithunvelKL\PycharmProjects\Tile_Sorting\data\roboflow_dataset\3B\dslr__DSC_0194.jpg,C:\Users\MithunvelKL\PycharmProjects\Tile_Sorting\data\roboflow_dataset_augmented\3B\dslr__DSC_0194.jpg,3B,False
C:\Users\MithunvelKL\PycharmProjects\Tile_Sorting\data\roboflow_dataset\3B\dslr__DSC_0194.jpg,C:\Users\MithunvelKL\PycharmProjects\Tile_Sorting\data\roboflow_dataset_augmented\3B\dslr__DSC_0194_aug0.jpg,3B,True
C:\Users\MithunvelKL\PycharmProjects\Tile_Sorting\data\roboflow_dataset\3B\dslr__DSC_0194.jpg,C:\Users\MithunvelKL\PycharmProjects\Tile_Sorting\data\roboflow_dataset_augmented\3B\dslr__DSC_0194_aug1.jpg,3B,True
C:\Users\MithunvelKL\PycharmProjects\Tile_Sorting\data\roboflow_dataset\3B\dslr__DSC_0195.jpg,C:\Users\MithunvelKL\PycharmProjects\Tile_Sorting\data\roboflow_dataset_augmented\3B\dslr__DSC_0195.jpg,3B,False
C:\Users\MithunvelKL\PycharmProjects\Tile_Sorting\data\roboflow_dataset\3B\dslr__DSC_0195.jpg,C:\Users\MithunvelKL\PycharmProjects\Tile_Sorting\data\roboflow_dataset_augmented\3B\dslr__DSC_0195_aug0.jpg,3B,True
C:\Users\MithunvelKL\PycharmProjects\Tile_Sorting\data\roboflow_dataset\3B\dslr__DSC_0196.jpg,C:\Users\MithunvelKL\PycharmProjects\Tile_Sorting\data\roboflow_dataset_augmented\3B\dslr__DSC_0196.jpg,3B,False
C:\Users\MithunvelKL\PycharmProjects\Tile_Sorting\data\roboflow_dataset\3B\dslr__DSC_0196.jpg,C:\Users\MithunvelKL\PycharmProjects\Tile_Sorting\data\roboflow_dataset_augmented\3B\dslr__DSC_0196_aug0.jpg,3B,True
C:\Users\MithunvelKL\PycharmProjects\Tile_Sorting\data\roboflow_dataset\3B\dslr__DSC_0196.jpg,C:\Users\MithunvelKL\PycharmProjects\Tile_Sorting\data\roboflow_dataset_augmented\3B\dslr__DSC_0196_aug1.jpg,3B,True
C:\Users\MithunvelKL\PycharmProjects\Tile_Sorting\data\roboflow_dataset\3B\dslr__DSC_0197.jpg,C:\Users\MithunvelKL\PycharmProjects\Tile_Sorting\data\roboflow_dataset_augmented\3B\dslr__DSC_0197.jpg,3B,False
C:\Users\MithunvelKL\PycharmProjects\Tile_Sorting\data\roboflow_dataset\3B\dslr__DSC_0197.jpg,C:\Users\MithunvelKL\PycharmProjects\Tile_Sorting\data\roboflow_dataset_augmented\3B\dslr__DSC_0197_aug0.jpg,3B,True
C:\Users\MithunvelKL\PycharmProjects\Tile_Sorting\data\roboflow_dataset\3B\dslr__DSC_0198.jpg,C:\Users\MithunvelKL\PycharmProjects\Tile_Sorting\data\roboflow_dataset_augmented\3B\dslr__DSC_0198.jpg,3B,False
C:\Users\MithunvelKL\PycharmProjects\Tile_Sorting\data\roboflow_dataset\3B\dslr__DSC_0198.jpg,C:\Users\MithunvelKL\PycharmProjects\Tile_Sorting\data\roboflow_dataset_augmented\3B\dslr__DSC_0198_aug0.jpg,3B,True
C:\Users\MithunvelKL\PycharmProjects\Tile_Sorting\data\roboflow_dataset\3B\dslr__DSC_0199.jpg,C:\Users\MithunvelKL\PycharmProjects\Tile_Sorting\data\roboflow_dataset_augmented\3B\dslr__DSC_0199.jpg,3B,False
C:\Users\MithunvelKL\PycharmProjects\Tile_Sorting\data\roboflow_dataset\3B\dslr__DSC_0199.jpg,C:\Users\MithunvelKL\PycharmProjects\Tile_Sorting\data\roboflow_dataset_augmented\3B\dslr__DSC_0199_aug0.jpg,3B,True
C:\Users\MithunvelKL\PycharmProjects\Tile_Sorting\data\roboflow_dataset\3B\dslr__DSC_0199.jpg,C:\Users\MithunvelKL\PycharmProjects\Tile_Sorting\data\roboflow_dataset_augmented\3B\dslr__DSC_0199_aug1.jpg,3B,True
C:\Users\MithunvelKL\PycharmProjects\Tile_Sorting\data\roboflow_dataset\3B\dslr__DSC_0200.jpg,C:\Users\MithunvelKL\PycharmProjects\Tile_Sorting\data\roboflow_dataset_augmented\3B\dslr__DSC_0200.jpg,3B,False
C:\Users\MithunvelKL\PycharmProjects\Tile_Sorting\data\roboflow_dataset\3B\dslr__DSC_0200.jpg,C:\Users\MithunvelKL\PycharmProjects\Tile_Sorting\data\roboflow_dataset_augmented\3B\dslr__DSC_0200_aug0.jpg,3B,True
C:\Users\MithunvelKL\PycharmProjects\Tile_Sorting\data\roboflow_dataset\3B\dslr__DSC_0200.jpg,C:\Users\MithunvelKL\PycharmProjects\Tile_Sorting\data\roboflow_dataset_augmented\3B\dslr__DSC_0200_aug1.jpg,3B,True
C:\Users\MithunvelKL\PycharmProjects\Tile_Sorting\data\roboflow_dataset\3B\dslr__DSC_0201.jpg,C:\Users\MithunvelKL\PycharmProjects\Tile_Sorting\data\roboflow_dataset_augmented\3B\dslr__DSC_0201.jpg,3B,False
C:\Users\MithunvelKL\PycharmProjects\Tile_Sorting\data\roboflow_dataset\3B\dslr__DSC_0201.jpg,C:\Users\MithunvelKL\PycharmProjects\Tile_Sorting\data\roboflow_dataset_augmented\3B\dslr__DSC_0201_aug0.jpg,3B,True
C:\Users\MithunvelKL\PycharmProjects\Tile_Sorting\data\roboflow_dataset\3B\dslr__DSC_0201.jpg,C:\Users\MithunvelKL\PycharmProjects\Tile_Sorting\data\roboflow_dataset_augmented\3B\dslr__DSC_0201_aug1.jpg,3B,True
C:\Users\MithunvelKL\PycharmProjects\Tile_Sorting\data\roboflow_dataset\3B\dslr__DSC_0202.jpg,C:\Users\MithunvelKL\PycharmProjects\Tile_Sorting\data\roboflow_dataset_augmented\3B\dslr__DSC_0202.jpg,3B,False
C:\Users\MithunvelKL\PycharmProjects\Tile_Sorting\data\roboflow_dataset\3B\dslr__DSC_0202.jpg,C:\Users\MithunvelKL\PycharmProjects\Tile_Sorting\data\roboflow_dataset_augmented\3B\dslr__DSC_0202_aug0.jpg,3B,True
C:\Users\MithunvelKL\PycharmProjects\Tile_Sorting\data\roboflow_dataset\3B\dslr__DSC_0202.jpg,C:\Users\MithunvelKL\PycharmProjects\Tile_Sorting\data\roboflow_dataset_augmented\3B\dslr__DSC_0202_aug1.jpg,3B,True
C:\Users\MithunvelKL\PycharmProjects\Tile_Sorting\data\roboflow_dataset\3B\dslr__DSC_0203.jpg,C:\Users\MithunvelKL\PycharmProjects\Tile_Sorting\data\roboflow_dataset_augmented\3B\dslr__DSC_0203.jpg,3B,False
C:\Users\MithunvelKL\PycharmProjects\Tile_Sorting\data\roboflow_dataset\3B\dslr__DSC_0203.jpg,C:\Users\MithunvelKL\PycharmProjects\Tile_Sorting\data\roboflow_dataset_augmented\3B\dslr__DSC_0203_aug0.jpg,3B,True
C:\Users\MithunvelKL\PycharmProjects\Tile_Sorting\data\roboflow_dataset\3B\dslr__DSC_0203.jpg,C:\Users\MithunvelKL\PycharmProjects\Tile_Sorting\data\roboflow_dataset_augmented\3B\dslr__DSC_0203_aug1.jpg,3B,True
C:\Users\MithunvelKL\PycharmProjects\Tile_Sorting\data\roboflow_dataset\3B\dslr__DSC_0204.jpg,C:\Users\MithunvelKL\PycharmProjects\Tile_Sorting\data\roboflow_dataset_augmented\3B\dslr__DSC_0204.jpg,3B,False
C:\Users\MithunvelKL\PycharmProjects\Tile_Sorting\data\roboflow_dataset\3B\dslr__DSC_0204.jpg,C:\Users\MithunvelKL\PycharmProjects\Tile_Sorting\data\roboflow_dataset_augmented\3B\dslr__DSC_0204_aug0.jpg,3B,True
C:\Users\MithunvelKL\PycharmProjects\Tile_Sorting\data\roboflow_dataset\3B\dslr__DSC_0204.jpg,C:\Users\MithunvelKL\PycharmProjects\Tile_Sorting\data\roboflow_dataset_augmented\3B\dslr__DSC_0204_aug1.jpg,3B,True
C:\Users\MithunvelKL\PycharmProjects\Tile_Sorting\data\roboflow_dataset\3B\dslr__DSC_0205.jpg,C:\Users\MithunvelKL\PycharmProjects\Tile_Sorting\data\roboflow_dataset_augmented\3B\dslr__DSC_0205.jpg,3B,False
C:\Users\MithunvelKL\PycharmProjects\Tile_Sorting\data\roboflow_dataset\3B\dslr__DSC_0205.jpg,C:\Users\MithunvelKL\PycharmProjects\Tile_Sorting\data\roboflow_dataset_augmented\3B\dslr__DSC_0205_aug0.jpg,3B,True
C:\Users\MithunvelKL\PycharmProjects\Tile_Sorting\data\roboflow_dataset\3B\dslr__DSC_0205.jpg,C:\Users\MithunvelKL\PycharmProjects\Tile_Sorting\data\roboflow_dataset_augmented\3B\dslr__DSC_0205_aug1.jpg,3B,True
C:\Users\MithunvelKL\PycharmProjects\Tile_Sorting\data\roboflow_dataset\3B\dslr__DSC_0206.jpg,C:\Users\MithunvelKL\PycharmProjects\Tile_Sorting\data\roboflow_dataset_augmented\3B\dslr__DSC_0206.jpg,3B,False
C:\Users\MithunvelKL\PycharmProjects\Tile_Sorting\data\roboflow_dataset\3B\dslr__DSC_0206.jpg,C:\Users\MithunvelKL\PycharmProjects\Tile_Sorting\data\roboflow_dataset_augmented\3B\dslr__DSC_0206_aug0.jpg,3B,True
C:\Users\MithunvelKL\PycharmProjects\Tile_Sorting\data\roboflow_dataset\3B\dslr__DSC_0206.jpg,C:\Users\MithunvelKL\PycharmProjects\Tile_Sorting\data\roboflow_dataset_augmented\3B\dslr__DSC_0206_aug1.jpg,3B,True
C:\Users\MithunvelKL\PycharmProjects\Tile_Sorting\data\roboflow_dataset\3B\dslr__DSC_0207.jpg,C:\Users\MithunvelKL\PycharmProjects\Tile_Sorting\data\roboflow_dataset_augmented\3B\dslr__DSC_0207.jpg,3B,False
C:\Users\MithunvelKL\PycharmProjects\Tile_Sorting\data\roboflow_dataset\3B\dslr__DSC_0207.jpg,C:\Users\MithunvelKL\PycharmProjects\Tile_Sorting\data\roboflow_dataset_augmented\3B\dslr__DSC_0207_aug0.jpg,3B,True
C:\Users\MithunvelKL\PycharmProjects\Tile_Sorting\data\roboflow_dataset\3B\dslr__DSC_0208.jpg,C:\Users\MithunvelKL\PycharmProjects\Tile_Sorting\data\roboflow_dataset_augmented\3B\dslr__DSC_0208.jpg,3B,False
C:\Users\MithunvelKL\PycharmProjects\Tile_Sorting\data\roboflow_dataset\3B\dslr__DSC_0208.jpg,C:\Users\MithunvelKL\PycharmProjects\Tile_Sorting\data\roboflow_dataset_augmented\3B\dslr__DSC_0208_aug0.jpg,3B,True
C:\Users\MithunvelKL\PycharmProjects\Tile_Sorting\data\roboflow_dataset\3B\dslr__DSC_0208.jpg,C:\Users\MithunvelKL\PycharmProjects\Tile_Sorting\data\roboflow_dataset_augmented\3B\dslr__DSC_0208_aug1.jpg,3B,True
C:\Users\MithunvelKL\PycharmProjects\Tile_Sorting\data\roboflow_dataset\3B\dslr__DSC_0209.jpg,C:\Users\MithunvelKL\PycharmProjects\Tile_Sorting\data\roboflow_dataset_augmented\3B\dslr__DSC_0209.jpg,3B,False
C:\Users\MithunvelKL\PycharmProjects\Tile_Sorting\data\roboflow_dataset\3B\dslr__DSC_0209.jpg,C:\Users\MithunvelKL\PycharmProjects\Tile_Sorting\data\roboflow_dataset_augmented\3B\dslr__DSC_0209_aug0.jpg,3B,True
C:\Users\MithunvelKL\PycharmProjects\Tile_Sorting\data\roboflow_dataset\3B\dslr__DSC_0210.jpg,C:\Users\MithunvelKL\PycharmProjects\Tile_Sorting\data\roboflow_dataset_augmented\3B\dslr__DSC_0210.jpg,3B,False
C:\Users\MithunvelKL\PycharmProjects\Tile_Sorting\data\roboflow_dataset\3B\dslr__DSC_0210.jpg,C:\Users\MithunvelKL\PycharmProjects\Tile_Sorting\data\roboflow_dataset_augmented\3B\dslr__DSC_0210_aug0.jpg,3B,True
C:\Users\MithunvelKL\PycharmProjects\Tile_Sorting\data\roboflow_dataset\3B\dslr__DSC_0210.jpg,C:\Users\MithunvelKL\PycharmProjects\Tile_Sorting\data\roboflow_dataset_augmented\3B\dslr__DSC_0210_aug1.jpg,3B,True
C:\Users\MithunvelKL\PycharmProjects\Tile_Sorting\data\roboflow_dataset\3B\dslr__DSC_0211.jpg,C:\Users\MithunvelKL\PycharmProjects\Tile_Sorting\data\roboflow_dataset_augmented\3B\dslr__DSC_0211.jpg,3B,False
C:\Users\MithunvelKL\PycharmProjects\Tile_Sorting\data\roboflow_dataset\3B\dslr__DSC_0211.jpg,C:\Users\MithunvelKL\PycharmProjects\Tile_Sorting\data\roboflow_dataset_augmented\3B\dslr__DSC_0211_aug0.jpg,3B,True
C:\Users\MithunvelKL\PycharmProjects\Tile_Sorting\data\roboflow_dataset\3B\dslr__DSC_0211.jpg,C:\Users\MithunvelKL\PycharmProjects\Tile_Sorting\data\roboflow_dataset_augmented\3B\dslr__DSC_0211_aug1.jpg,3B,True
C:\Users\MithunvelKL\PycharmProjects\Tile_Sorting\data\roboflow_dataset\3B\dslr__DSC_0212.jpg,C:\Users\MithunvelKL\PycharmProjects\Tile_Sorting\data\roboflow_dataset_augmented\3B\dslr__DSC_0212.jpg,3B,False
C:\Users\MithunvelKL\PycharmProjects\Tile_Sorting\data\roboflow_dataset\3B\dslr__DSC_0212.jpg,C:\Users\MithunvelKL\PycharmProjects\Tile_Sorting\data\roboflow_dataset_augmented\3B\dslr__DSC_0212_aug0.jpg,3B,True
C:\Users\MithunvelKL\PycharmProjects\Tile_Sorting\data\roboflow_dataset\3B\dslr__DSC_0213.jpg,C:\Users\MithunvelKL\PycharmProjects\Tile_Sorting\data\roboflow_dataset_augmented\3B\dslr__DSC_0213.jpg,3B,False
C:\Users\MithunvelKL\PycharmProjects\Tile_Sorting\data\roboflow_dataset\3B\dslr__DSC_0213.jpg,C:\Users\MithunvelKL\PycharmProjects\Tile_Sorting\data\roboflow_dataset_augmented\3B\dslr__DSC_0213_aug0.jpg,3B,True
C:\Users\MithunvelKL\PycharmProjects\Tile_Sorting\data\roboflow_dataset\3B\dslr__DSC_0214.jpg,C:\Users\MithunvelKL\PycharmProjects\Tile_Sorting\data\roboflow_dataset_augmented\3B\dslr__DSC_0214.jpg,3B,False
C:\Users\MithunvelKL\PycharmProjects\Tile_Sorting\data\roboflow_dataset\3B\dslr__DSC_0214.jpg,C:\Users\MithunvelKL\PycharmProjects\Tile_Sorting\data\roboflow_dataset_augmented\3B\dslr__DSC_0214_aug0.jpg,3B,True
C:\Users\MithunvelKL\PycharmProjects\Tile_Sorting\data\roboflow_dataset\3B\dslr__DSC_0214.jpg,C:\Users\MithunvelKL\PycharmProjects\Tile_Sorting\data\roboflow_dataset_augmented\3B\dslr__DSC_0214_aug1.jpg,3B,True
C:\Users\MithunvelKL\PycharmProjects\Tile_Sorting\data\roboflow_dataset\3B\dslr__DSC_0215.jpg,C:\Users\MithunvelKL\PycharmProjects\Tile_Sorting\data\roboflow_dataset_augmented\3B\dslr__DSC_0215.jpg,3B,False
C:\Users\MithunvelKL\PycharmProjects\Tile_Sorting\data\roboflow_dataset\3B\dslr__DSC_0215.jpg,C:\Users\MithunvelKL\PycharmProjects\Tile_Sorting\data\roboflow_dataset_augmented\3B\dslr__DSC_0215_aug0.jpg,3B,True
C:\Users\MithunvelKL\PycharmProjects\Tile_Sorting\data\roboflow_dataset\3B\dslr__DSC_0215.jpg,C:\Users\MithunvelKL\PycharmProjects\Tile_Sorting\data\roboflow_dataset_augmented\3B\dslr__DSC_0215_aug1.jpg,3B,True
C:\Users\MithunvelKL\PycharmProjects\Tile_Sorting\data\roboflow_dataset\3B\dslr__DSC_0216.jpg,C:\Users\MithunvelKL\PycharmProjects\Tile_Sorting\data\roboflow_dataset_augmented\3B\dslr__DSC_0216.jpg,3B,False
C:\Users\MithunvelKL\PycharmProjects\Tile_Sorting\data\roboflow_dataset\3B\dslr__DSC_0216.jpg,C:\Users\MithunvelKL\PycharmProjects\Tile_Sorting\data\roboflow_dataset_augmented\3B\dslr__DSC_0216_aug0.jpg,3B,True
C:\Users\MithunvelKL\PycharmProjects\Tile_Sorting\data\roboflow_dataset\3B\dslr__DSC_0216.jpg,C:\Users\MithunvelKL\PycharmProjects\Tile_Sorting\data\roboflow_dataset_augmented\3B\dslr__DSC_0216_aug1.jpg,3B,True
C:\Users\MithunvelKL\PycharmProjects\Tile_Sorting\data\roboflow_dataset\3B\dslr__DSC_0217.jpg,C:\Users\MithunvelKL\PycharmProjects\Tile_Sorting\data\roboflow_dataset_augmented\3B\dslr__DSC_0217.jpg,3B,False
C:\Users\MithunvelKL\PycharmProjects\Tile_Sorting\data\roboflow_dataset\3B\dslr__DSC_0217.jpg,C:\Users\MithunvelKL\PycharmProjects\Tile_Sorting\data\roboflow_dataset_augmented\3B\dslr__DSC_0217_aug0.jpg,3B,True
C:\Users\MithunvelKL\PycharmProjects\Tile_Sorting\data\roboflow_dataset\3B\dslr__DSC_0217.jpg,C:\Users\MithunvelKL\PycharmProjects\Tile_Sorting\data\roboflow_dataset_augmented\3B\dslr__DSC_0217_aug1.jpg,3B,True
C:\Users\MithunvelKL\PycharmProjects\Tile_Sorting\data\roboflow_dataset\3B\dslr__DSC_0218.jpg,C:\Users\MithunvelKL\PycharmProjects\Tile_Sorting\data\roboflow_dataset_augmented\3B\dslr__DSC_0218.jpg,3B,False
C:\Users\MithunvelKL\PycharmProjects\Tile_Sorting\data\roboflow_dataset\3B\dslr__DSC_0218.jpg,C:\Users\MithunvelKL\PycharmProjects\Tile_Sorting\data\roboflow_dataset_augmented\3B\dslr__DSC_0218_aug0.jpg,3B,True
C:\Users\MithunvelKL\PycharmProjects\Tile_Sorting\data\roboflow_dataset\3B\dslr__DSC_0218.jpg,C:\Users\MithunvelKL\PycharmProjects\Tile_Sorting\data\roboflow_dataset_augmented\3B\dslr__DSC_0218_aug1.jpg,3B,True
C:\Users\MithunvelKL\PycharmProjects\Tile_Sorting\data\roboflow_dataset\3B\dslr__DSC_0219.jpg,C:\Users\MithunvelKL\PycharmProjects\Tile_Sorting\data\roboflow_dataset_augmented\3B\dslr__DSC_0219.jpg,3B,False
C:\Users\MithunvelKL\PycharmProjects\Tile_Sorting\data\roboflow_dataset\3B\dslr__DSC_0219.jpg,C:\Users\MithunvelKL\PycharmProjects\Tile_Sorting\data\roboflow_dataset_augmented\3B\dslr__DSC_0219_aug0.jpg,3B,True
C:\Users\MithunvelKL\PycharmProjects\Tile_Sorting\data\roboflow_dataset\3B\dslr__DSC_0219.jpg,C:\Users\MithunvelKL\PycharmProjects\Tile_Sorting\data\roboflow_dataset_augmented\3B\dslr__DSC_0219_aug1.jpg,3B,True
C:\Users\MithunvelKL\PycharmProjects\Tile_Sorting\data\roboflow_dataset\3B\dslr__DSC_0220.jpg,C:\Users\MithunvelKL\PycharmProjects\Tile_Sorting\data\roboflow_dataset_augmented\3B\dslr__DSC_0220.jpg,3B,False
C:\Users\MithunvelKL\PycharmProjects\Tile_Sorting\data\roboflow_dataset\3B\dslr__DSC_0220.jpg,C:\Users\MithunvelKL\PycharmProjects\Tile_Sorting\data\roboflow_dataset_augmented\3B\dslr__DSC_0220_aug0.jpg,3B,True
C:\Users\MithunvelKL\PycharmProjects\Tile_Sorting\data\roboflow_dataset\3B\dslr__DSC_0220.jpg,C:\Users\MithunvelKL\PycharmProjects\Tile_Sorting\data\roboflow_dataset_augmented\3B\dslr__DSC_0220_aug1.jpg,3B,True
C:\Users\MithunvelKL\PycharmProjects\Tile_Sorting\data\roboflow_dataset\3B\dslr__DSC_0221.jpg,C:\Users\MithunvelKL\PycharmProjects\Tile_Sorting\data\roboflow_dataset_augmented\3B\dslr__DSC_0221.jpg,3B,False
C:\Users\MithunvelKL\PycharmProjects\Tile_Sorting\data\roboflow_dataset\3B\dslr__DSC_0221.jpg,C:\Users\MithunvelKL\PycharmProjects\Tile_Sorting\data\roboflow_dataset_augmented\3B\dslr__DSC_0221_aug0.jpg,3B,True
C:\Users\MithunvelKL\PycharmProjects\Tile_Sorting\data\roboflow_dataset\3B\dslr__DSC_0221.jpg,C:\Users\MithunvelKL\PycharmProjects\Tile_Sorting\data\roboflow_dataset_augmented\3B\dslr__DSC_0221_aug1.jpg,3B,True
C:\Users\MithunvelKL\PycharmProjects\Tile_Sorting\data\roboflow_dataset\3B\phone__20250912_084818.jpg,C:\Users\MithunvelKL\PycharmProjects\Tile_Sorting\data\roboflow_dataset_augmented\3B\phone__20250912_084818.jpg,3B,False
C:\Users\MithunvelKL\PycharmProjects\Tile_Sorting\data\roboflow_dataset\3B\phone__20250912_084818.jpg,C:\Users\MithunvelKL\PycharmProjects\Tile_Sorting\data\roboflow_dataset_augmented\3B\phone__20250912_084818_aug0.jpg,3B,True
C:\Users\MithunvelKL\PycharmProjects\Tile_Sorting\data\roboflow_dataset\3B\phone__20250912_084827.jpg,C:\Users\MithunvelKL\PycharmProjects\Tile_Sorting\data\roboflow_dataset_augmented\3B\phone__20250912_084827.jpg,3B,False
C:\Users\MithunvelKL\PycharmProjects\Tile_Sorting\data\roboflow_dataset\3B\phone__20250912_084827.jpg,C:\Users\MithunvelKL\PycharmProjects\Tile_Sorting\data\roboflow_dataset_augmented\3B\phone__20250912_084827_aug0.jpg,3B,True
C:\Users\MithunvelKL\PycharmProjects\Tile_Sorting\data\roboflow_dataset\3B\phone__20250912_084827.jpg,C:\Users\MithunvelKL\PycharmProjects\Tile_Sorting\data\roboflow_dataset_augmented\3B\phone__20250912_084827_aug1.jpg,3B,True
C:\Users\MithunvelKL\PycharmProjects\Tile_Sorting\data\roboflow_dataset\3B\phone__20250912_084843.jpg,C:\Users\MithunvelKL\PycharmProjects\Tile_Sorting\data\roboflow_dataset_augmented\3B\phone__20250912_084843.jpg,3B,False
C:\Users\MithunvelKL\PycharmProjects\Tile_Sorting\data\roboflow_dataset\3B\phone__20250912_084843.jpg,C:\Users\MithunvelKL\PycharmProjects\Tile_Sorting\data\roboflow_dataset_augmented\3B\phone__20250912_084843_aug0.jpg,3B,True
C:\Users\MithunvelKL\PycharmProjects\Tile_Sorting\data\roboflow_dataset\3B\phone__20250912_084843.jpg,C:\Users\MithunvelKL\PycharmProjects\Tile_Sorting\data\roboflow_dataset_augmented\3B\phone__20250912_084843_aug1.jpg,3B,True
C:\Users\MithunvelKL\PycharmProjects\Tile_Sorting\data\roboflow_dataset\3B\phone__20250912_084929.jpg,C:\Users\MithunvelKL\PycharmProjects\Tile_Sorting\data\roboflow_dataset_augmented\3B\phone__20250912_084929.jpg,3B,False
C:\Users\MithunvelKL\PycharmProjects\Tile_Sorting\data\roboflow_dataset\3B\phone__20250912_084929.jpg,C:\Users\MithunvelKL\PycharmProjects\Tile_Sorting\data\roboflow_dataset_augmented\3B\phone__20250912_084929_aug0.jpg,3B,True
C:\Users\MithunvelKL\PycharmProjects\Tile_Sorting\data\roboflow_dataset\3B\phone__20250912_084947.jpg,C:\Users\MithunvelKL\PycharmProjects\Tile_Sorting\data\roboflow_dataset_augmented\3B\phone__20250912_084947.jpg,3B,False
C:\Users\MithunvelKL\PycharmProjects\Tile_Sorting\data\roboflow_dataset\3B\phone__20250912_084947.jpg,C:\Users\MithunvelKL\PycharmProjects\Tile_Sorting\data\roboflow_dataset_augmented\3B\phone__20250912_084947_aug0.jpg,3B,True
C:\Users\MithunvelKL\PycharmProjects\Tile_Sorting\data\roboflow_dataset\3B\phone__20250912_084947.jpg,C:\Users\MithunvelKL\PycharmProjects\Tile_Sorting\data\roboflow_dataset_augmented\3B\phone__20250912_084947_aug1.jpg,3B,True
C:\Users\MithunvelKL\PycharmProjects\Tile_Sorting\data\roboflow_dataset\3B\phone__20250912_085034.jpg,C:\Users\MithunvelKL\PycharmProjects\Tile_Sorting\data\roboflow_dataset_augmented\3B\phone__20250912_085034.jpg,3B,False
C:\Users\MithunvelKL\PycharmProjects\Tile_Sorting\data\roboflow_dataset\3B\phone__20250912_085034.jpg,C:\Users\MithunvelKL\PycharmProjects\Tile_Sorting\data\roboflow_dataset_augmented\3B\phone__20250912_085034_aug0.jpg,3B,True
C:\Users\MithunvelKL\PycharmProjects\Tile_Sorting\data\roboflow_dataset\3B\phone__20250912_085055.jpg,C:\Users\MithunvelKL\PycharmProjects\Tile_Sorting\data\roboflow_dataset_augmented\3B\phone__20250912_085055.jpg,3B,False
C:\Users\MithunvelKL\PycharmProjects\Tile_Sorting\data\roboflow_dataset\3B\phone__20250912_085055.jpg,C:\Users\MithunvelKL\PycharmProjects\Tile_Sorting\data\roboflow_dataset_augmented\3B\phone__20250912_085055_aug0.jpg,3B,True
C:\Users\MithunvelKL\PycharmProjects\Tile_Sorting\data\roboflow_dataset\3B\phone__20250912_085131.jpg,C:\Users\MithunvelKL\PycharmProjects\Tile_Sorting\data\roboflow_dataset_augmented\3B\phone__20250912_085131.jpg,3B,False
C:\Users\MithunvelKL\PycharmProjects\Tile_Sorting\data\roboflow_dataset\3B\phone__20250912_085131.jpg,C:\Users\MithunvelKL\PycharmProjects\Tile_Sorting\data\roboflow_dataset_augmented\3B\phone__20250912_085131_aug0.jpg,3B,True
C:\Users\MithunvelKL\PycharmProjects\Tile_Sorting\data\roboflow_dataset\3B\phone__20250912_085148.jpg,C:\Users\MithunvelKL\PycharmProjects\Tile_Sorting\data\roboflow_dataset_augmented\3B\phone__20250912_085148.jpg,3B,False
C:\Users\MithunvelKL\PycharmProjects\Tile_Sorting\data\roboflow_dataset\3B\phone__20250912_085148.jpg,C:\Users\MithunvelKL\PycharmProjects\Tile_Sorting\data\roboflow_dataset_augmented\3B\phone__20250912_085148_aug0.jpg,3B,True
C:\Users\MithunvelKL\PycharmProjects\Tile_Sorting\data\roboflow_dataset\3B\phone__20250912_085148.jpg,C:\Users\MithunvelKL\PycharmProjects\Tile_Sorting\data\roboflow_dataset_augmented\3B\phone__20250912_085148_aug1.jpg,3B,True
C:\Users\MithunvelKL\PycharmProjects\Tile_Sorting\data\roboflow_dataset\3B\phone__20250912_085201.jpg,C:\Users\MithunvelKL\PycharmProjects\Tile_Sorting\data\roboflow_dataset_augmented\3B\phone__20250912_085201.jpg,3B,False
C:\Users\MithunvelKL\PycharmProjects\Tile_Sorting\data\roboflow_dataset\3B\phone__20250912_085201.jpg,C:\Users\MithunvelKL\PycharmProjects\Tile_Sorting\data\roboflow_dataset_augmented\3B\phone__20250912_085201_aug0.jpg,3B,True
C:\Users\MithunvelKL\PycharmProjects\Tile_Sorting\data\roboflow_dataset\3B\phone__20250912_085201.jpg,C:\Users\MithunvelKL\PycharmProjects\Tile_Sorting\data\roboflow_dataset_augmented\3B\phone__20250912_085201_aug1.jpg,3B,True
C:\Users\MithunvelKL\PycharmProjects\Tile_Sorting\data\roboflow_dataset\3B\phone__20250912_085230.jpg,C:\Users\MithunvelKL\PycharmProjects\Tile_Sorting\data\roboflow_dataset_augmented\3B\phone__20250912_085230.jpg,3B,False
C:\Users\MithunvelKL\PycharmProjects\Tile_Sorting\data\roboflow_dataset\3B\phone__20250912_085230.jpg,C:\Users\MithunvelKL\PycharmProjects\Tile_Sorting\data\roboflow_dataset_augmented\3B\phone__20250912_085230_aug0.jpg,3B,True
C:\Users\MithunvelKL\PycharmProjects\Tile_Sorting\data\roboflow_dataset\3B\phone__20250912_085254.jpg,C:\Users\MithunvelKL\PycharmProjects\Tile_Sorting\data\roboflow_dataset_augmented\3B\phone__20250912_085254.jpg,3B,False
C:\Users\MithunvelKL\PycharmProjects\Tile_Sorting\data\roboflow_dataset\3B\phone__20250912_085254.jpg,C:\Users\MithunvelKL\PycharmProjects\Tile_Sorting\data\roboflow_dataset_augmented\3B\phone__20250912_085254_aug0.jpg,3B,True
C:\Users\MithunvelKL\PycharmProjects\Tile_Sorting\data\roboflow_dataset\3B\phone__20250912_085254.jpg,C:\Users\MithunvelKL\PycharmProjects\Tile_Sorting\data\roboflow_dataset_augmented\3B\phone__20250912_085254_aug1.jpg,3B,True
C:\Users\MithunvelKL\PycharmProjects\Tile_Sorting\data\roboflow_dataset\3B\phone__20250912_085306.jpg,C:\Users\MithunvelKL\PycharmProjects\Tile_Sorting\data\roboflow_dataset_augmented\3B\phone__20250912_085306.jpg,3B,False
C:\Users\MithunvelKL\PycharmProjects\Tile_Sorting\data\roboflow_dataset\3B\phone__20250912_085306.jpg,C:\Users\MithunvelKL\PycharmProjects\Tile_Sorting\data\roboflow_dataset_augmented\3B\phone__20250912_085306_aug0.jpg,3B,True
C:\Users\MithunvelKL\PycharmProjects\Tile_Sorting\data\roboflow_dataset\3B\phone__20250912_085315.jpg,C:\Users\MithunvelKL\PycharmProjects\Tile_Sorting\data\roboflow_dataset_augmented\3B\phone__20250912_085315.jpg,3B,False
C:\Users\MithunvelKL\PycharmProjects\Tile_Sorting\data\roboflow_dataset\3B\phone__20250912_085315.jpg,C:\Users\MithunvelKL\PycharmProjects\Tile_Sorting\data\roboflow_dataset_augmented\3B\phone__20250912_085315_aug0.jpg,3B,True
C:\Users\MithunvelKL\PycharmProjects\Tile_Sorting\data\roboflow_dataset\3B\phone__20250912_085315.jpg,C:\Users\MithunvelKL\PycharmProjects\Tile_Sorting\data\roboflow_dataset_augmented\3B\phone__20250912_085315_aug1.jpg,3B,True
C:\Users\MithunvelKL\PycharmProjects\Tile_Sorting\data\roboflow_dataset\3B\phone__20250912_085326.jpg,C:\Users\MithunvelKL\PycharmProjects\Tile_Sorting\data\roboflow_dataset_augmented\3B\phone__20250912_085326.jpg,3B,False
C:\Users\MithunvelKL\PycharmProjects\Tile_Sorting\data\roboflow_dataset\3B\phone__20250912_085326.jpg,C:\Users\MithunvelKL\PycharmProjects\Tile_Sorting\data\roboflow_dataset_augmented\3B\phone__20250912_085326_aug0.jpg,3B,True
C:\Users\MithunvelKL\PycharmProjects\Tile_Sorting\data\roboflow_dataset\3B\phone__20250912_085326.jpg,C:\Users\MithunvelKL\PycharmProjects\Tile_Sorting\data\roboflow_dataset_augmented\3B\phone__20250912_085326_aug1.jpg,3B,True
C:\Users\MithunvelKL\PycharmProjects\Tile_Sorting\data\roboflow_dataset\3B\phone__20250912_085400.jpg,C:\Users\MithunvelKL\PycharmProjects\Tile_Sorting\data\roboflow_dataset_augmented\3B\phone__20250912_085400.jpg,3B,False
C:\Users\MithunvelKL\PycharmProjects\Tile_Sorting\data\roboflow_dataset\3B\phone__20250912_085400.jpg,C:\Users\MithunvelKL\PycharmProjects\Tile_Sorting\data\roboflow_dataset_augmented\3B\phone__20250912_085400_aug0.jpg,3B,True
C:\Users\MithunvelKL\PycharmProjects\Tile_Sorting\data\roboflow_dataset\3B\phone__20250912_085400.jpg,C:\Users\MithunvelKL\PycharmProjects\Tile_Sorting\data\roboflow_dataset_augmented\3B\phone__20250912_085400_aug1.jpg,3B,True
C:\Users\MithunvelKL\PycharmProjects\Tile_Sorting\data\roboflow_dataset\3B\phone__20250912_085420.jpg,C:\Users\MithunvelKL\PycharmProjects\Tile_Sorting\data\roboflow_dataset_augmented\3B\phone__20250912_085420.jpg,3B,False
C:\Users\MithunvelKL\PycharmProjects\Tile_Sorting\data\roboflow_dataset\3B\phone__20250912_085420.jpg,C:\Users\MithunvelKL\PycharmProjects\Tile_Sorting\data\roboflow_dataset_augmented\3B\phone__20250912_085420_aug0.jpg,3B,True
C:\Users\MithunvelKL\PycharmProjects\Tile_Sorting\data\roboflow_dataset\3B\phone__20250912_085420.jpg,C:\Users\MithunvelKL\PycharmProjects\Tile_Sorting\data\roboflow_dataset_augmented\3B\phone__20250912_085420_aug1.jpg,3B,True
C:\Users\MithunvelKL\PycharmProjects\Tile_Sorting\data\roboflow_dataset\3B\phone__20250912_085432.jpg,C:\Users\MithunvelKL\PycharmProjects\Tile_Sorting\data\roboflow_dataset_augmented\3B\phone__20250912_085432.jpg,3B,False
C:\Users\MithunvelKL\PycharmProjects\Tile_Sorting\data\roboflow_dataset\3B\phone__20250912_085432.jpg,C:\Users\MithunvelKL\PycharmProjects\Tile_Sorting\data\roboflow_dataset_augmented\3B\phone__20250912_085432_aug0.jpg,3B,True
C:\Users\MithunvelKL\PycharmProjects\Tile_Sorting\data\roboflow_dataset\3B\phone__20250912_085432.jpg,C:\Users\MithunvelKL\PycharmProjects\Tile_Sorting\data\roboflow_dataset_augmented\3B\phone__20250912_085432_aug1.jpg,3B,True
C:\Users\MithunvelKL\PycharmProjects\Tile_Sorting\data\roboflow_dataset\3B\phone__20250912_085537.jpg,C:\Users\MithunvelKL\PycharmProjects\Tile_Sorting\data\roboflow_dataset_augmented\3B\phone__20250912_085537.jpg,3B,False
C:\Users\MithunvelKL\PycharmProjects\Tile_Sorting\data\roboflow_dataset\3B\phone__20250912_085537.jpg,C:\Users\MithunvelKL\PycharmProjects\Tile_Sorting\data\roboflow_dataset_augmented\3B\phone__20250912_085537_aug0.jpg,3B,True
C:\Users\MithunvelKL\PycharmProjects\Tile_Sorting\data\roboflow_dataset\3B\phone__20250912_085537.jpg,C:\Users\MithunvelKL\PycharmProjects\Tile_Sorting\data\roboflow_dataset_augmented\3B\phone__20250912_085537_aug1.jpg,3B,True
C:\Users\MithunvelKL\PycharmProjects\Tile_Sorting\data\roboflow_dataset\3B\phone__20250912_085636.jpg,C:\Users\MithunvelKL\PycharmProjects\Tile_Sorting\data\roboflow_dataset_augmented\3B\phone__20250912_085636.jpg,3B,False
C:\Users\MithunvelKL\PycharmProjects\Tile_Sorting\data\roboflow_dataset\3B\phone__20250912_085636.jpg,C:\Users\MithunvelKL\PycharmProjects\Tile_Sorting\data\roboflow_dataset_augmented\3B\phone__20250912_085636_aug0.jpg,3B,True
C:\Users\MithunvelKL\PycharmProjects\Tile_Sorting\data\roboflow_dataset\4\dslr__DSC_0097.jpg,C:\Users\MithunvelKL\PycharmProjects\Tile_Sorting\data\roboflow_dataset_augmented\4\dslr__DSC_0097.jpg,4,False
C:\Users\MithunvelKL\PycharmProjects\Tile_Sorting\data\roboflow_dataset\4\dslr__DSC_0097.jpg,C:\Users\MithunvelKL\PycharmProjects\Tile_Sorting\data\roboflow_dataset_augmented\4\dslr__DSC_0097_aug0.jpg,4,True
C:\Users\MithunvelKL\PycharmProjects\Tile_Sorting\data\roboflow_dataset\4\dslr__DSC_0097.jpg,C:\Users\MithunvelKL\PycharmProjects\Tile_Sorting\data\roboflow_dataset_augmented\4\dslr__DSC_0097_aug1.jpg,4,True
C:\Users\MithunvelKL\PycharmProjects\Tile_Sorting\data\roboflow_dataset\4\dslr__DSC_0098.jpg,C:\Users\MithunvelKL\PycharmProjects\Tile_Sorting\data\roboflow_dataset_augmented\4\dslr__DSC_0098.jpg,4,False
C:\Users\MithunvelKL\PycharmProjects\Tile_Sorting\data\roboflow_dataset\4\dslr__DSC_0098.jpg,C:\Users\MithunvelKL\PycharmProjects\Tile_Sorting\data\roboflow_dataset_augmented\4\dslr__DSC_0098_aug0.jpg,4,True
C:\Users\MithunvelKL\PycharmProjects\Tile_Sorting\data\roboflow_dataset\4\dslr__DSC_0098.jpg,C:\Users\MithunvelKL\PycharmProjects\Tile_Sorting\data\roboflow_dataset_augmented\4\dslr__DSC_0098_aug1.jpg,4,True
C:\Users\MithunvelKL\PycharmProjects\Tile_Sorting\data\roboflow_dataset\4\dslr__DSC_0099.jpg,C:\Users\MithunvelKL\PycharmProjects\Tile_Sorting\data\roboflow_dataset_augmented\4\dslr__DSC_0099.jpg,4,False
C:\Users\MithunvelKL\PycharmProjects\Tile_Sorting\data\roboflow_dataset\4\dslr__DSC_0099.jpg,C:\Users\MithunvelKL\PycharmProjects\Tile_Sorting\data\roboflow_dataset_augmented\4\dslr__DSC_0099_aug0.jpg,4,True
C:\Users\MithunvelKL\PycharmProjects\Tile_Sorting\data\roboflow_dataset\4\dslr__DSC_0099.jpg,C:\Users\MithunvelKL\PycharmProjects\Tile_Sorting\data\roboflow_dataset_augmented\4\dslr__DSC_0099_aug1.jpg,4,True
C:\Users\MithunvelKL\PycharmProjects\Tile_Sorting\data\roboflow_dataset\4\dslr__DSC_0100.jpg,C:\Users\MithunvelKL\PycharmProjects\Tile_Sorting\data\roboflow_dataset_augmented\4\dslr__DSC_0100.jpg,4,False
C:\Users\MithunvelKL\PycharmProjects\Tile_Sorting\data\roboflow_dataset\4\dslr__DSC_0100.jpg,C:\Users\MithunvelKL\PycharmProjects\Tile_Sorting\data\roboflow_dataset_augmented\4\dslr__DSC_0100_aug0.jpg,4,True
C:\Users\MithunvelKL\PycharmProjects\Tile_Sorting\data\roboflow_dataset\4\dslr__DSC_0101.jpg,C:\Users\MithunvelKL\PycharmProjects\Tile_Sorting\data\roboflow_dataset_augmented\4\dslr__DSC_0101.jpg,4,False
C:\Users\MithunvelKL\PycharmProjects\Tile_Sorting\data\roboflow_dataset\4\dslr__DSC_0101.jpg,C:\Users\MithunvelKL\PycharmProjects\Tile_Sorting\data\roboflow_dataset_augmented\4\dslr__DSC_0101_aug0.jpg,4,True
C:\Users\MithunvelKL\PycharmProjects\Tile_Sorting\data\roboflow_dataset\4\dslr__DSC_0101.jpg,C:\Users\MithunvelKL\PycharmProjects\Tile_Sorting\data\roboflow_dataset_augmented\4\dslr__DSC_0101_aug1.jpg,4,True
C:\Users\MithunvelKL\PycharmProjects\Tile_Sorting\data\roboflow_dataset\4\dslr__DSC_0102.jpg,C:\Users\MithunvelKL\PycharmProjects\Tile_Sorting\data\roboflow_dataset_augmented\4\dslr__DSC_0102.jpg,4,False
C:\Users\MithunvelKL\PycharmProjects\Tile_Sorting\data\roboflow_dataset\4\dslr__DSC_0102.jpg,C:\Users\MithunvelKL\PycharmProjects\Tile_Sorting\data\roboflow_dataset_augmented\4\dslr__DSC_0102_aug0.jpg,4,True
C:\Users\MithunvelKL\PycharmProjects\Tile_Sorting\data\roboflow_dataset\4\dslr__DSC_0102.jpg,C:\Users\MithunvelKL\PycharmProjects\Tile_Sorting\data\roboflow_dataset_augmented\4\dslr__DSC_0102_aug1.jpg,4,True
C:\Users\MithunvelKL\PycharmProjects\Tile_Sorting\data\roboflow_dataset\4\dslr__DSC_0103.jpg,C:\Users\MithunvelKL\PycharmProjects\Tile_Sorting\data\roboflow_dataset_augmented\4\dslr__DSC_0103.jpg,4,False
C:\Users\MithunvelKL\PycharmProjects\Tile_Sorting\data\roboflow_dataset\4\dslr__DSC_0103.jpg,C:\Users\MithunvelKL\PycharmProjects\Tile_Sorting\data\roboflow_dataset_augmented\4\dslr__DSC_0103_aug0.jpg,4,True
C:\Users\MithunvelKL\PycharmProjects\Tile_Sorting\data\roboflow_dataset\4\dslr__DSC_0104.jpg,C:\Users\MithunvelKL\PycharmProjects\Tile_Sorting\data\roboflow_dataset_augmented\4\dslr__DSC_0104.jpg,4,False
C:\Users\MithunvelKL\PycharmProjects\Tile_Sorting\data\roboflow_dataset\4\dslr__DSC_0104.jpg,C:\Users\MithunvelKL\PycharmProjects\Tile_Sorting\data\roboflow_dataset_augmented\4\dslr__DSC_0104_aug0.jpg,4,True
C:\Users\MithunvelKL\PycharmProjects\Tile_Sorting\data\roboflow_dataset\4\dslr__DSC_0104.jpg,C:\Users\MithunvelKL\PycharmProjects\Tile_Sorting\data\roboflow_dataset_augmented\4\dslr__DSC_0104_aug1.jpg,4,True
C:\Users\MithunvelKL\PycharmProjects\Tile_Sorting\data\roboflow_dataset\4\dslr__DSC_0105.jpg,C:\Users\MithunvelKL\PycharmProjects\Tile_Sorting\data\roboflow_dataset_augmented\4\dslr__DSC_0105.jpg,4,False
C:\Users\MithunvelKL\PycharmProjects\Tile_Sorting\data\roboflow_dataset\4\dslr__DSC_0105.jpg,C:\Users\MithunvelKL\PycharmProjects\Tile_Sorting\data\roboflow_dataset_augmented\4\dslr__DSC_0105_aug0.jpg,4,True
C:\Users\MithunvelKL\PycharmProjects\Tile_Sorting\data\roboflow_dataset\4\dslr__DSC_0105.jpg,C:\Users\MithunvelKL\PycharmProjects\Tile_Sorting\data\roboflow_dataset_augmented\4\dslr__DSC_0105_aug1.jpg,4,True
C:\Users\MithunvelKL\PycharmProjects\Tile_Sorting\data\roboflow_dataset\4\dslr__DSC_0106.jpg,C:\Users\MithunvelKL\PycharmProjects\Tile_Sorting\data\roboflow_dataset_augmented\4\dslr__DSC_0106.jpg,4,False
C:\Users\MithunvelKL\PycharmProjects\Tile_Sorting\data\roboflow_dataset\4\dslr__DSC_0106.jpg,C:\Users\MithunvelKL\PycharmProjects\Tile_Sorting\data\roboflow_dataset_augmented\4\dslr__DSC_0106_aug0.jpg,4,True
C:\Users\MithunvelKL\PycharmProjects\Tile_Sorting\data\roboflow_dataset\4\dslr__DSC_0107.jpg,C:\Users\MithunvelKL\PycharmProjects\Tile_Sorting\data\roboflow_dataset_augmented\4\dslr__DSC_0107.jpg,4,False
C:\Users\MithunvelKL\PycharmProjects\Tile_Sorting\data\roboflow_dataset\4\dslr__DSC_0107.jpg,C:\Users\MithunvelKL\PycharmProjects\Tile_Sorting\data\roboflow_dataset_augmented\4\dslr__DSC_0107_aug0.jpg,4,True
C:\Users\MithunvelKL\PycharmProjects\Tile_Sorting\data\roboflow_dataset\4\dslr__DSC_0107.jpg,C:\Users\MithunvelKL\PycharmProjects\Tile_Sorting\data\roboflow_dataset_augmented\4\dslr__DSC_0107_aug1.jpg,4,True
C:\Users\MithunvelKL\PycharmProjects\Tile_Sorting\data\roboflow_dataset\4\dslr__DSC_0108.jpg,C:\Users\MithunvelKL\PycharmProjects\Tile_Sorting\data\roboflow_dataset_augmented\4\dslr__DSC_0108.jpg,4,False
C:\Users\MithunvelKL\PycharmProjects\Tile_Sorting\data\roboflow_dataset\4\dslr__DSC_0108.jpg,C:\Users\MithunvelKL\PycharmProjects\Tile_Sorting\data\roboflow_dataset_augmented\4\dslr__DSC_0108_aug0.jpg,4,True
C:\Users\MithunvelKL\PycharmProjects\Tile_Sorting\data\roboflow_dataset\4\dslr__DSC_0109.jpg,C:\Users\MithunvelKL\PycharmProjects\Tile_Sorting\data\roboflow_dataset_augmented\4\dslr__DSC_0109.jpg,4,False
C:\Users\MithunvelKL\PycharmProjects\Tile_Sorting\data\roboflow_dataset\4\dslr__DSC_0109.jpg,C:\Users\MithunvelKL\PycharmProjects\Tile_Sorting\data\roboflow_dataset_augmented\4\dslr__DSC_0109_aug0.jpg,4,True
C:\Users\MithunvelKL\PycharmProjects\Tile_Sorting\data\roboflow_dataset\4\dslr__DSC_0109.jpg,C:\Users\MithunvelKL\PycharmProjects\Tile_Sorting\data\roboflow_dataset_augmented\4\dslr__DSC_0109_aug1.jpg,4,True
C:\Users\MithunvelKL\PycharmProjects\Tile_Sorting\data\roboflow_dataset\4\dslr__DSC_0111.jpg,C:\Users\MithunvelKL\PycharmProjects\Tile_Sorting\data\roboflow_dataset_augmented\4\dslr__DSC_0111.jpg,4,False
C:\Users\MithunvelKL\PycharmProjects\Tile_Sorting\data\roboflow_dataset\4\dslr__DSC_0111.jpg,C:\Users\MithunvelKL\PycharmProjects\Tile_Sorting\data\roboflow_dataset_augmented\4\dslr__DSC_0111_aug0.jpg,4,True
C:\Users\MithunvelKL\PycharmProjects\Tile_Sorting\data\roboflow_dataset\4\dslr__DSC_0111.jpg,C:\Users\MithunvelKL\PycharmProjects\Tile_Sorting\data\roboflow_dataset_augmented\4\dslr__DSC_0111_aug1.jpg,4,True
C:\Users\MithunvelKL\PycharmProjects\Tile_Sorting\data\roboflow_dataset\4\dslr__DSC_0112.jpg,C:\Users\MithunvelKL\PycharmProjects\Tile_Sorting\data\roboflow_dataset_augmented\4\dslr__DSC_0112.jpg,4,False
C:\Users\MithunvelKL\PycharmProjects\Tile_Sorting\data\roboflow_dataset\4\dslr__DSC_0112.jpg,C:\Users\MithunvelKL\PycharmProjects\Tile_Sorting\data\roboflow_dataset_augmented\4\dslr__DSC_0112_aug0.jpg,4,True
C:\Users\MithunvelKL\PycharmProjects\Tile_Sorting\data\roboflow_dataset\4\dslr__DSC_0112.jpg,C:\Users\MithunvelKL\PycharmProjects\Tile_Sorting\data\roboflow_dataset_augmented\4\dslr__DSC_0112_aug1.jpg,4,True
C:\Users\MithunvelKL\PycharmProjects\Tile_Sorting\data\roboflow_dataset\4\dslr__DSC_0113.jpg,C:\Users\MithunvelKL\PycharmProjects\Tile_Sorting\data\roboflow_dataset_augmented\4\dslr__DSC_0113.jpg,4,False
C:\Users\MithunvelKL\PycharmProjects\Tile_Sorting\data\roboflow_dataset\4\dslr__DSC_0113.jpg,C:\Users\MithunvelKL\PycharmProjects\Tile_Sorting\data\roboflow_dataset_augmented\4\dslr__DSC_0113_aug0.jpg,4,True
C:\Users\MithunvelKL\PycharmProjects\Tile_Sorting\data\roboflow_dataset\4\dslr__DSC_0113.jpg,C:\Users\MithunvelKL\PycharmProjects\Tile_Sorting\data\roboflow_dataset_augmented\4\dslr__DSC_0113_aug1.jpg,4,True
C:\Users\MithunvelKL\PycharmProjects\Tile_Sorting\data\roboflow_dataset\4\dslr__DSC_0114.jpg,C:\Users\MithunvelKL\PycharmProjects\Tile_Sorting\data\roboflow_dataset_augmented\4\dslr__DSC_0114.jpg,4,False
C:\Users\MithunvelKL\PycharmProjects\Tile_Sorting\data\roboflow_dataset\4\dslr__DSC_0114.jpg,C:\Users\MithunvelKL\PycharmProjects\Tile_Sorting\data\roboflow_dataset_augmented\4\dslr__DSC_0114_aug0.jpg,4,True
C:\Users\MithunvelKL\PycharmProjects\Tile_Sorting\data\roboflow_dataset\4\dslr__DSC_0114.jpg,C:\Users\MithunvelKL\PycharmProjects\Tile_Sorting\data\roboflow_dataset_augmented\4\dslr__DSC_0114_aug1.jpg,4,True
C:\Users\MithunvelKL\PycharmProjects\Tile_Sorting\data\roboflow_dataset\4\dslr__DSC_0115.jpg,C:\Users\MithunvelKL\PycharmProjects\Tile_Sorting\data\roboflow_dataset_augmented\4\dslr__DSC_0115.jpg,4,False
C:\Users\MithunvelKL\PycharmProjects\Tile_Sorting\data\roboflow_dataset\4\dslr__DSC_0115.jpg,C:\Users\MithunvelKL\PycharmProjects\Tile_Sorting\data\roboflow_dataset_augmented\4\dslr__DSC_0115_aug0.jpg,4,True
C:\Users\MithunvelKL\PycharmProjects\Tile_Sorting\data\roboflow_dataset\4\dslr__DSC_0115.jpg,C:\Users\MithunvelKL\PycharmProjects\Tile_Sorting\data\roboflow_dataset_augmented\4\dslr__DSC_0115_aug1.jpg,4,True
C:\Users\MithunvelKL\PycharmProjects\Tile_Sorting\data\roboflow_dataset\4\dslr__DSC_0116.jpg,C:\Users\MithunvelKL\PycharmProjects\Tile_Sorting\data\roboflow_dataset_augmented\4\dslr__DSC_0116.jpg,4,False
C:\Users\MithunvelKL\PycharmProjects\Tile_Sorting\data\roboflow_dataset\4\dslr__DSC_0116.jpg,C:\Users\MithunvelKL\PycharmProjects\Tile_Sorting\data\roboflow_dataset_augmented\4\dslr__DSC_0116_aug0.jpg,4,True
C:\Users\MithunvelKL\PycharmProjects\Tile_Sorting\data\roboflow_dataset\4\dslr__DSC_0116.jpg,C:\Users\MithunvelKL\PycharmProjects\Tile_Sorting\data\roboflow_dataset_augmented\4\dslr__DSC_0116_aug1.jpg,4,True
C:\Users\MithunvelKL\PycharmProjects\Tile_Sorting\data\roboflow_dataset\4\dslr__DSC_0117.jpg,C:\Users\MithunvelKL\PycharmProjects\Tile_Sorting\data\roboflow_dataset_augmented\4\dslr__DSC_0117.jpg,4,False
C:\Users\MithunvelKL\PycharmProjects\Tile_Sorting\data\roboflow_dataset\4\dslr__DSC_0117.jpg,C:\Users\MithunvelKL\PycharmProjects\Tile_Sorting\data\roboflow_dataset_augmented\4\dslr__DSC_0117_aug0.jpg,4,True
C:\Users\MithunvelKL\PycharmProjects\Tile_Sorting\data\roboflow_dataset\4\dslr__DSC_0117.jpg,C:\Users\MithunvelKL\PycharmProjects\Tile_Sorting\data\roboflow_dataset_augmented\4\dslr__DSC_0117_aug1.jpg,4,True
C:\Users\MithunvelKL\PycharmProjects\Tile_Sorting\data\roboflow_dataset\4\dslr__DSC_0118.jpg,C:\Users\MithunvelKL\PycharmProjects\Tile_Sorting\data\roboflow_dataset_augmented\4\dslr__DSC_0118.jpg,4,False
C:\Users\MithunvelKL\PycharmProjects\Tile_Sorting\data\roboflow_dataset\4\dslr__DSC_0118.jpg,C:\Users\MithunvelKL\PycharmProjects\Tile_Sorting\data\roboflow_dataset_augmented\4\dslr__DSC_0118_aug0.jpg,4,True
C:\Users\MithunvelKL\PycharmProjects\Tile_Sorting\data\roboflow_dataset\4\dslr__DSC_0118.jpg,C:\Users\MithunvelKL\PycharmProjects\Tile_Sorting\data\roboflow_dataset_augmented\4\dslr__DSC_0118_aug1.jpg,4,True
C:\Users\MithunvelKL\PycharmProjects\Tile_Sorting\data\roboflow_dataset\4\dslr__DSC_0119.jpg,C:\Users\MithunvelKL\PycharmProjects\Tile_Sorting\data\roboflow_dataset_augmented\4\dslr__DSC_0119.jpg,4,False
C:\Users\MithunvelKL\PycharmProjects\Tile_Sorting\data\roboflow_dataset\4\dslr__DSC_0119.jpg,C:\Users\MithunvelKL\PycharmProjects\Tile_Sorting\data\roboflow_dataset_augmented\4\dslr__DSC_0119_aug0.jpg,4,True
C:\Users\MithunvelKL\PycharmProjects\Tile_Sorting\data\roboflow_dataset\4\dslr__DSC_0119.jpg,C:\Users\MithunvelKL\PycharmProjects\Tile_Sorting\data\roboflow_dataset_augmented\4\dslr__DSC_0119_aug1.jpg,4,True
C:\Users\MithunvelKL\PycharmProjects\Tile_Sorting\data\roboflow_dataset\4\dslr__DSC_0120.jpg,C:\Users\MithunvelKL\PycharmProjects\Tile_Sorting\data\roboflow_dataset_augmented\4\dslr__DSC_0120.jpg,4,False
C:\Users\MithunvelKL\PycharmProjects\Tile_Sorting\data\roboflow_dataset\4\dslr__DSC_0120.jpg,C:\Users\MithunvelKL\PycharmProjects\Tile_Sorting\data\roboflow_dataset_augmented\4\dslr__DSC_0120_aug0.jpg,4,True
C:\Users\MithunvelKL\PycharmProjects\Tile_Sorting\data\roboflow_dataset\4\dslr__DSC_0120.jpg,C:\Users\MithunvelKL\PycharmProjects\Tile_Sorting\data\roboflow_dataset_augmented\4\dslr__DSC_0120_aug1.jpg,4,True
C:\Users\MithunvelKL\PycharmProjects\Tile_Sorting\data\roboflow_dataset\4\dslr__DSC_0121.jpg,C:\Users\MithunvelKL\PycharmProjects\Tile_Sorting\data\roboflow_dataset_augmented\4\dslr__DSC_0121.jpg,4,False
C:\Users\MithunvelKL\PycharmProjects\Tile_Sorting\data\roboflow_dataset\4\dslr__DSC_0121.jpg,C:\Users\MithunvelKL\PycharmProjects\Tile_Sorting\data\roboflow_dataset_augmented\4\dslr__DSC_0121_aug0.jpg,4,True
C:\Users\MithunvelKL\PycharmProjects\Tile_Sorting\data\roboflow_dataset\4\dslr__DSC_0121.jpg,C:\Users\MithunvelKL\PycharmProjects\Tile_Sorting\data\roboflow_dataset_augmented\4\dslr__DSC_0121_aug1.jpg,4,True
C:\Users\MithunvelKL\PycharmProjects\Tile_Sorting\data\roboflow_dataset\4\dslr__DSC_0122.jpg,C:\Users\MithunvelKL\PycharmProjects\Tile_Sorting\data\roboflow_dataset_augmented\4\dslr__DSC_0122.jpg,4,False
C:\Users\MithunvelKL\PycharmProjects\Tile_Sorting\data\roboflow_dataset\4\dslr__DSC_0122.jpg,C:\Users\MithunvelKL\PycharmProjects\Tile_Sorting\data\roboflow_dataset_augmented\4\dslr__DSC_0122_aug0.jpg,4,True
C:\Users\MithunvelKL\PycharmProjects\Tile_Sorting\data\roboflow_dataset\4\dslr__DSC_0123.jpg,C:\Users\MithunvelKL\PycharmProjects\Tile_Sorting\data\roboflow_dataset_augmented\4\dslr__DSC_0123.jpg,4,False
C:\Users\MithunvelKL\PycharmProjects\Tile_Sorting\data\roboflow_dataset\4\dslr__DSC_0123.jpg,C:\Users\MithunvelKL\PycharmProjects\Tile_Sorting\data\roboflow_dataset_augmented\4\dslr__DSC_0123_aug0.jpg,4,True
C:\Users\MithunvelKL\PycharmProjects\Tile_Sorting\data\roboflow_dataset\4\dslr__DSC_0124.jpg,C:\Users\MithunvelKL\PycharmProjects\Tile_Sorting\data\roboflow_dataset_augmented\4\dslr__DSC_0124.jpg,4,False
C:\Users\MithunvelKL\PycharmProjects\Tile_Sorting\data\roboflow_dataset\4\dslr__DSC_0124.jpg,C:\Users\MithunvelKL\PycharmProjects\Tile_Sorting\data\roboflow_dataset_augmented\4\dslr__DSC_0124_aug0.jpg,4,True
C:\Users\MithunvelKL\PycharmProjects\Tile_Sorting\data\roboflow_dataset\4\dslr__DSC_0125.jpg,C:\Users\MithunvelKL\PycharmProjects\Tile_Sorting\data\roboflow_dataset_augmented\4\dslr__DSC_0125.jpg,4,False
C:\Users\MithunvelKL\PycharmProjects\Tile_Sorting\data\roboflow_dataset\4\dslr__DSC_0125.jpg,C:\Users\MithunvelKL\PycharmProjects\Tile_Sorting\data\roboflow_dataset_augmented\4\dslr__DSC_0125_aug0.jpg,4,True
C:\Users\MithunvelKL\PycharmProjects\Tile_Sorting\data\roboflow_dataset\4\dslr__DSC_0125.jpg,C:\Users\MithunvelKL\PycharmProjects\Tile_Sorting\data\roboflow_dataset_augmented\4\dslr__DSC_0125_aug1.jpg,4,True
C:\Users\MithunvelKL\PycharmProjects\Tile_Sorting\data\roboflow_dataset\4\dslr__DSC_0126.jpg,C:\Users\MithunvelKL\PycharmProjects\Tile_Sorting\data\roboflow_dataset_augmented\4\dslr__DSC_0126.jpg,4,False
C:\Users\MithunvelKL\PycharmProjects\Tile_Sorting\data\roboflow_dataset\4\dslr__DSC_0126.jpg,C:\Users\MithunvelKL\PycharmProjects\Tile_Sorting\data\roboflow_dataset_augmented\4\dslr__DSC_0126_aug0.jpg,4,True
C:\Users\MithunvelKL\PycharmProjects\Tile_Sorting\data\roboflow_dataset\4\dslr__DSC_0126.jpg,C:\Users\MithunvelKL\PycharmProjects\Tile_Sorting\data\roboflow_dataset_augmented\4\dslr__DSC_0126_aug1.jpg,4,True
C:\Users\MithunvelKL\PycharmProjects\Tile_Sorting\data\roboflow_dataset\4\dslr__DSC_0127.jpg,C:\Users\MithunvelKL\PycharmProjects\Tile_Sorting\data\roboflow_dataset_augmented\4\dslr__DSC_0127.jpg,4,False
C:\Users\MithunvelKL\PycharmProjects\Tile_Sorting\data\roboflow_dataset\4\dslr__DSC_0127.jpg,C:\Users\MithunvelKL\PycharmProjects\Tile_Sorting\data\roboflow_dataset_augmented\4\dslr__DSC_0127_aug0.jpg,4,True
C:\Users\MithunvelKL\PycharmProjects\Tile_Sorting\data\roboflow_dataset\4\dslr__DSC_0127.jpg,C:\Users\MithunvelKL\PycharmProjects\Tile_Sorting\data\roboflow_dataset_augmented\4\dslr__DSC_0127_aug1.jpg,4,True
C:\Users\MithunvelKL\PycharmProjects\Tile_Sorting\data\roboflow_dataset\4\dslr__DSC_0128.jpg,C:\Users\MithunvelKL\PycharmProjects\Tile_Sorting\data\roboflow_dataset_augmented\4\dslr__DSC_0128.jpg,4,False
C:\Users\MithunvelKL\PycharmProjects\Tile_Sorting\data\roboflow_dataset\4\dslr__DSC_0128.jpg,C:\Users\MithunvelKL\PycharmProjects\Tile_Sorting\data\roboflow_dataset_augmented\4\dslr__DSC_0128_aug0.jpg,4,True
C:\Users\MithunvelKL\PycharmProjects\Tile_Sorting\data\roboflow_dataset\4\dslr__DSC_0129.jpg,C:\Users\MithunvelKL\PycharmProjects\Tile_Sorting\data\roboflow_dataset_augmented\4\dslr__DSC_0129.jpg,4,False
C:\Users\MithunvelKL\PycharmProjects\Tile_Sorting\data\roboflow_dataset\4\dslr__DSC_0129.jpg,C:\Users\MithunvelKL\PycharmProjects\Tile_Sorting\data\roboflow_dataset_augmented\4\dslr__DSC_0129_aug0.jpg,4,True
C:\Users\MithunvelKL\PycharmProjects\Tile_Sorting\data\roboflow_dataset\4\dslr__DSC_0129.jpg,C:\Users\MithunvelKL\PycharmProjects\Tile_Sorting\data\roboflow_dataset_augmented\4\dslr__DSC_0129_aug1.jpg,4,True
C:\Users\MithunvelKL\PycharmProjects\Tile_Sorting\data\roboflow_dataset\4\dslr__DSC_0130.jpg,C:\Users\MithunvelKL\PycharmProjects\Tile_Sorting\data\roboflow_dataset_augmented\4\dslr__DSC_0130.jpg,4,False
C:\Users\MithunvelKL\PycharmProjects\Tile_Sorting\data\roboflow_dataset\4\dslr__DSC_0130.jpg,C:\Users\MithunvelKL\PycharmProjects\Tile_Sorting\data\roboflow_dataset_augmented\4\dslr__DSC_0130_aug0.jpg,4,True
C:\Users\MithunvelKL\PycharmProjects\Tile_Sorting\data\roboflow_dataset\4\dslr__DSC_0130.jpg,C:\Users\MithunvelKL\PycharmProjects\Tile_Sorting\data\roboflow_dataset_augmented\4\dslr__DSC_0130_aug1.jpg,4,True
C:\Users\MithunvelKL\PycharmProjects\Tile_Sorting\data\roboflow_dataset\4\dslr__DSC_0131.jpg,C:\Users\MithunvelKL\PycharmProjects\Tile_Sorting\data\roboflow_dataset_augmented\4\dslr__DSC_0131.jpg,4,False
C:\Users\MithunvelKL\PycharmProjects\Tile_Sorting\data\roboflow_dataset\4\dslr__DSC_0131.jpg,C:\Users\MithunvelKL\PycharmProjects\Tile_Sorting\data\roboflow_dataset_augmented\4\dslr__DSC_0131_aug0.jpg,4,True
C:\Users\MithunvelKL\PycharmProjects\Tile_Sorting\data\roboflow_dataset\4\phone__20250912_103905.jpg,C:\Users\MithunvelKL\PycharmProjects\Tile_Sorting\data\roboflow_dataset_augmented\4\phone__20250912_103905.jpg,4,False
C:\Users\MithunvelKL\PycharmProjects\Tile_Sorting\data\roboflow_dataset\4\phone__20250912_103905.jpg,C:\Users\MithunvelKL\PycharmProjects\Tile_Sorting\data\roboflow_dataset_augmented\4\phone__20250912_103905_aug0.jpg,4,True
C:\Users\MithunvelKL\PycharmProjects\Tile_Sorting\data\roboflow_dataset\4\phone__20250912_103905.jpg,C:\Users\MithunvelKL\PycharmProjects\Tile_Sorting\data\roboflow_dataset_augmented\4\phone__20250912_103905_aug1.jpg,4,True
C:\Users\MithunvelKL\PycharmProjects\Tile_Sorting\data\roboflow_dataset\4\phone__20250912_104114.jpg,C:\Users\MithunvelKL\PycharmProjects\Tile_Sorting\data\roboflow_dataset_augmented\4\phone__20250912_104114.jpg,4,False
C:\Users\MithunvelKL\PycharmProjects\Tile_Sorting\data\roboflow_dataset\4\phone__20250912_104114.jpg,C:\Users\MithunvelKL\PycharmProjects\Tile_Sorting\data\roboflow_dataset_augmented\4\phone__20250912_104114_aug0.jpg,4,True
C:\Users\MithunvelKL\PycharmProjects\Tile_Sorting\data\roboflow_dataset\4\phone__20250912_104114.jpg,C:\Users\MithunvelKL\PycharmProjects\Tile_Sorting\data\roboflow_dataset_augmented\4\phone__20250912_104114_aug1.jpg,4,True
C:\Users\MithunvelKL\PycharmProjects\Tile_Sorting\data\roboflow_dataset\4\phone__20250912_104213.jpg,C:\Users\MithunvelKL\PycharmProjects\Tile_Sorting\data\roboflow_dataset_augmented\4\phone__20250912_104213.jpg,4,False
C:\Users\MithunvelKL\PycharmProjects\Tile_Sorting\data\roboflow_dataset\4\phone__20250912_104213.jpg,C:\Users\MithunvelKL\PycharmProjects\Tile_Sorting\data\roboflow_dataset_augmented\4\phone__20250912_104213_aug0.jpg,4,True
C:\Users\MithunvelKL\PycharmProjects\Tile_Sorting\data\roboflow_dataset\4\phone__20250912_104325.jpg,C:\Users\MithunvelKL\PycharmProjects\Tile_Sorting\data\roboflow_dataset_augmented\4\phone__20250912_104325.jpg,4,False
C:\Users\MithunvelKL\PycharmProjects\Tile_Sorting\data\roboflow_dataset\4\phone__20250912_104325.jpg,C:\Users\MithunvelKL\PycharmProjects\Tile_Sorting\data\roboflow_dataset_augmented\4\phone__20250912_104325_aug0.jpg,4,True
C:\Users\MithunvelKL\PycharmProjects\Tile_Sorting\data\roboflow_dataset\4\phone__20250912_104416.jpg,C:\Users\MithunvelKL\PycharmProjects\Tile_Sorting\data\roboflow_dataset_augmented\4\phone__20250912_104416.jpg,4,False
C:\Users\MithunvelKL\PycharmProjects\Tile_Sorting\data\roboflow_dataset\4\phone__20250912_104416.jpg,C:\Users\MithunvelKL\PycharmProjects\Tile_Sorting\data\roboflow_dataset_augmented\4\phone__20250912_104416_aug0.jpg,4,True
C:\Users\MithunvelKL\PycharmProjects\Tile_Sorting\data\roboflow_dataset\4\phone__20250912_104640.jpg,C:\Users\MithunvelKL\PycharmProjects\Tile_Sorting\data\roboflow_dataset_augmented\4\phone__20250912_104640.jpg,4,False
C:\Users\MithunvelKL\PycharmProjects\Tile_Sorting\data\roboflow_dataset\4\phone__20250912_104640.jpg,C:\Users\MithunvelKL\PycharmProjects\Tile_Sorting\data\roboflow_dataset_augmented\4\phone__20250912_104640_aug0.jpg,4,True
C:\Users\MithunvelKL\PycharmProjects\Tile_Sorting\data\roboflow_dataset\4\phone__20250912_104640.jpg,C:\Users\MithunvelKL\PycharmProjects\Tile_Sorting\data\roboflow_dataset_augmented\4\phone__20250912_104640_aug1.jpg,4,True
C:\Users\MithunvelKL\PycharmProjects\Tile_Sorting\data\roboflow_dataset\4\phone__20250912_104740.jpg,C:\Users\MithunvelKL\PycharmProjects\Tile_Sorting\data\roboflow_dataset_augmented\4\phone__20250912_104740.jpg,4,False
C:\Users\MithunvelKL\PycharmProjects\Tile_Sorting\data\roboflow_dataset\4\phone__20250912_104740.jpg,C:\Users\MithunvelKL\PycharmProjects\Tile_Sorting\data\roboflow_dataset_augmented\4\phone__20250912_104740_aug0.jpg,4,True
C:\Users\MithunvelKL\PycharmProjects\Tile_Sorting\data\roboflow_dataset\4\phone__20250912_104740.jpg,C:\Users\MithunvelKL\PycharmProjects\Tile_Sorting\data\roboflow_dataset_augmented\4\phone__20250912_104740_aug1.jpg,4,True
C:\Users\MithunvelKL\PycharmProjects\Tile_Sorting\data\roboflow_dataset\4\phone__20250912_104804.jpg,C:\Users\MithunvelKL\PycharmProjects\Tile_Sorting\data\roboflow_dataset_augmented\4\phone__20250912_104804.jpg,4,False
C:\Users\MithunvelKL\PycharmProjects\Tile_Sorting\data\roboflow_dataset\4\phone__20250912_104804.jpg,C:\Users\MithunvelKL\PycharmProjects\Tile_Sorting\data\roboflow_dataset_augmented\4\phone__20250912_104804_aug0.jpg,4,True
C:\Users\MithunvelKL\PycharmProjects\Tile_Sorting\data\roboflow_dataset\4\phone__20250912_104804.jpg,C:\Users\MithunvelKL\PycharmProjects\Tile_Sorting\data\roboflow_dataset_augmented\4\phone__20250912_104804_aug1.jpg,4,True
C:\Users\MithunvelKL\PycharmProjects\Tile_Sorting\data\roboflow_dataset\4\phone__20250912_104826.jpg,C:\Users\MithunvelKL\PycharmProjects\Tile_Sorting\data\roboflow_dataset_augmented\4\phone__20250912_104826.jpg,4,False
C:\Users\MithunvelKL\PycharmProjects\Tile_Sorting\data\roboflow_dataset\4\phone__20250912_104826.jpg,C:\Users\MithunvelKL\PycharmProjects\Tile_Sorting\data\roboflow_dataset_augmented\4\phone__20250912_104826_aug0.jpg,4,True
C:\Users\MithunvelKL\PycharmProjects\Tile_Sorting\data\roboflow_dataset\4\phone__20250912_104848.jpg,C:\Users\MithunvelKL\PycharmProjects\Tile_Sorting\data\roboflow_dataset_augmented\4\phone__20250912_104848.jpg,4,False
C:\Users\MithunvelKL\PycharmProjects\Tile_Sorting\data\roboflow_dataset\4\phone__20250912_104848.jpg,C:\Users\MithunvelKL\PycharmProjects\Tile_Sorting\data\roboflow_dataset_augmented\4\phone__20250912_104848_aug0.jpg,4,True
C:\Users\MithunvelKL\PycharmProjects\Tile_Sorting\data\roboflow_dataset\4\phone__20250912_104848.jpg,C:\Users\MithunvelKL\PycharmProjects\Tile_Sorting\data\roboflow_dataset_augmented\4\phone__20250912_104848_aug1.jpg,4,True
C:\Users\MithunvelKL\PycharmProjects\Tile_Sorting\data\roboflow_dataset\4\phone__20250912_104939.jpg,C:\Users\MithunvelKL\PycharmProjects\Tile_Sorting\data\roboflow_dataset_augmented\4\phone__20250912_104939.jpg,4,False
C:\Users\MithunvelKL\PycharmProjects\Tile_Sorting\data\roboflow_dataset\4\phone__20250912_104939.jpg,C:\Users\MithunvelKL\PycharmProjects\Tile_Sorting\data\roboflow_dataset_augmented\4\phone__20250912_104939_aug0.jpg,4,True
C:\Users\MithunvelKL\PycharmProjects\Tile_Sorting\data\roboflow_dataset\4\phone__20250912_104939.jpg,C:\Users\MithunvelKL\PycharmProjects\Tile_Sorting\data\roboflow_dataset_augmented\4\phone__20250912_104939_aug1.jpg,4,True
C:\Users\MithunvelKL\PycharmProjects\Tile_Sorting\data\roboflow_dataset\4\phone__20250912_105000.jpg,C:\Users\MithunvelKL\PycharmProjects\Tile_Sorting\data\roboflow_dataset_augmented\4\phone__20250912_105000.jpg,4,False
C:\Users\MithunvelKL\PycharmProjects\Tile_Sorting\data\roboflow_dataset\4\phone__20250912_105000.jpg,C:\Users\MithunvelKL\PycharmProjects\Tile_Sorting\data\roboflow_dataset_augmented\4\phone__20250912_105000_aug0.jpg,4,True
C:\Users\MithunvelKL\PycharmProjects\Tile_Sorting\data\roboflow_dataset\4\phone__20250912_105000.jpg,C:\Users\MithunvelKL\PycharmProjects\Tile_Sorting\data\roboflow_dataset_augmented\4\phone__20250912_105000_aug1.jpg,4,True
C:\Users\MithunvelKL\PycharmProjects\Tile_Sorting\data\roboflow_dataset\4\phone__20250912_105103.jpg,C:\Users\MithunvelKL\PycharmProjects\Tile_Sorting\data\roboflow_dataset_augmented\4\phone__20250912_105103.jpg,4,False
C:\Users\MithunvelKL\PycharmProjects\Tile_Sorting\data\roboflow_dataset\4\phone__20250912_105103.jpg,C:\Users\MithunvelKL\PycharmProjects\Tile_Sorting\data\roboflow_dataset_augmented\4\phone__20250912_105103_aug0.jpg,4,True
C:\Users\MithunvelKL\PycharmProjects\Tile_Sorting\data\roboflow_dataset\4\phone__20250912_105116.jpg,C:\Users\MithunvelKL\PycharmProjects\Tile_Sorting\data\roboflow_dataset_augmented\4\phone__20250912_105116.jpg,4,False
C:\Users\MithunvelKL\PycharmProjects\Tile_Sorting\data\roboflow_dataset\4\phone__20250912_105116.jpg,C:\Users\MithunvelKL\PycharmProjects\Tile_Sorting\data\roboflow_dataset_augmented\4\phone__20250912_105116_aug0.jpg,4,True
C:\Users\MithunvelKL\PycharmProjects\Tile_Sorting\data\roboflow_dataset\4\phone__20250912_105116.jpg,C:\Users\MithunvelKL\PycharmProjects\Tile_Sorting\data\roboflow_dataset_augmented\4\phone__20250912_105116_aug1.jpg,4,True
C:\Users\MithunvelKL\PycharmProjects\Tile_Sorting\data\roboflow_dataset\4\phone__20250912_105141.jpg,C:\Users\MithunvelKL\PycharmProjects\Tile_Sorting\data\roboflow_dataset_augmented\4\phone__20250912_105141.jpg,4,False
C:\Users\MithunvelKL\PycharmProjects\Tile_Sorting\data\roboflow_dataset\4\phone__20250912_105141.jpg,C:\Users\MithunvelKL\PycharmProjects\Tile_Sorting\data\roboflow_dataset_augmented\4\phone__20250912_105141_aug0.jpg,4,True
C:\Users\MithunvelKL\PycharmProjects\Tile_Sorting\data\roboflow_dataset\4\phone__20250912_105141.jpg,C:\Users\MithunvelKL\PycharmProjects\Tile_Sorting\data\roboflow_dataset_augmented\4\phone__20250912_105141_aug1.jpg,4,True
C:\Users\MithunvelKL\PycharmProjects\Tile_Sorting\data\roboflow_dataset\4\phone__20250912_105231.jpg,C:\Users\MithunvelKL\PycharmProjects\Tile_Sorting\data\roboflow_dataset_augmented\4\phone__20250912_105231.jpg,4,False
C:\Users\MithunvelKL\PycharmProjects\Tile_Sorting\data\roboflow_dataset\4\phone__20250912_105231.jpg,C:\Users\MithunvelKL\PycharmProjects\Tile_Sorting\data\roboflow_dataset_augmented\4\phone__20250912_105231_aug0.jpg,4,True
C:\Users\MithunvelKL\PycharmProjects\Tile_Sorting\data\roboflow_dataset\4\phone__20250912_105231.jpg,C:\Users\MithunvelKL\PycharmProjects\Tile_Sorting\data\roboflow_dataset_augmented\4\phone__20250912_105231_aug1.jpg,4,True
C:\Users\MithunvelKL\PycharmProjects\Tile_Sorting\data\roboflow_dataset\4\phone__20250912_105255.jpg,C:\Users\MithunvelKL\PycharmProjects\Tile_Sorting\data\roboflow_dataset_augmented\4\phone__20250912_105255.jpg,4,False
C:\Users\MithunvelKL\PycharmProjects\Tile_Sorting\data\roboflow_dataset\4\phone__20250912_105255.jpg,C:\Users\MithunvelKL\PycharmProjects\Tile_Sorting\data\roboflow_dataset_augmented\4\phone__20250912_105255_aug0.jpg,4,True
C:\Users\MithunvelKL\PycharmProjects\Tile_Sorting\data\roboflow_dataset\4\phone__20250912_105255.jpg,C:\Users\MithunvelKL\PycharmProjects\Tile_Sorting\data\roboflow_dataset_augmented\4\phone__20250912_105255_aug1.jpg,4,True
C:\Users\MithunvelKL\PycharmProjects\Tile_Sorting\data\roboflow_dataset\4\phone__20250912_105309.jpg,C:\Users\MithunvelKL\PycharmProjects\Tile_Sorting\data\roboflow_dataset_augmented\4\phone__20250912_105309.jpg,4,False
C:\Users\MithunvelKL\PycharmProjects\Tile_Sorting\data\roboflow_dataset\4\phone__20250912_105309.jpg,C:\Users\MithunvelKL\PycharmProjects\Tile_Sorting\data\roboflow_dataset_augmented\4\phone__20250912_105309_aug0.jpg,4,True
C:\Users\MithunvelKL\PycharmProjects\Tile_Sorting\data\roboflow_dataset\4\phone__20250912_105309.jpg,C:\Users\MithunvelKL\PycharmProjects\Tile_Sorting\data\roboflow_dataset_augmented\4\phone__20250912_105309_aug1.jpg,4,True
C:\Users\MithunvelKL\PycharmProjects\Tile_Sorting\data\roboflow_dataset\4\phone__20250912_105335.jpg,C:\Users\MithunvelKL\PycharmProjects\Tile_Sorting\data\roboflow_dataset_augmented\4\phone__20250912_105335.jpg,4,False
C:\Users\MithunvelKL\PycharmProjects\Tile_Sorting\data\roboflow_dataset\4\phone__20250912_105335.jpg,C:\Users\MithunvelKL\PycharmProjects\Tile_Sorting\data\roboflow_dataset_augmented\4\phone__20250912_105335_aug0.jpg,4,True
C:\Users\MithunvelKL\PycharmProjects\Tile_Sorting\data\roboflow_dataset\4\phone__20250912_105352.jpg,C:\Users\MithunvelKL\PycharmProjects\Tile_Sorting\data\roboflow_dataset_augmented\4\phone__20250912_105352.jpg,4,False
C:\Users\MithunvelKL\PycharmProjects\Tile_Sorting\data\roboflow_dataset\4\phone__20250912_105352.jpg,C:\Users\MithunvelKL\PycharmProjects\Tile_Sorting\data\roboflow_dataset_augmented\4\phone__20250912_105352_aug0.jpg,4,True
C:\Users\MithunvelKL\PycharmProjects\Tile_Sorting\data\roboflow_dataset\4\phone__20250912_105408.jpg,C:\Users\MithunvelKL\PycharmProjects\Tile_Sorting\data\roboflow_dataset_augmented\4\phone__20250912_105408.jpg,4,False
C:\Users\MithunvelKL\PycharmProjects\Tile_Sorting\data\roboflow_dataset\4\phone__20250912_105408.jpg,C:\Users\MithunvelKL\PycharmProjects\Tile_Sorting\data\roboflow_dataset_augmented\4\phone__20250912_105408_aug0.jpg,4,True
C:\Users\MithunvelKL\PycharmProjects\Tile_Sorting\data\roboflow_dataset\4\phone__20250912_105408.jpg,C:\Users\MithunvelKL\PycharmProjects\Tile_Sorting\data\roboflow_dataset_augmented\4\phone__20250912_105408_aug1.jpg,4,True
C:\Users\MithunvelKL\PycharmProjects\Tile_Sorting\data\roboflow_dataset\4\phone__20250913_152103.jpg,C:\Users\MithunvelKL\PycharmProjects\Tile_Sorting\data\roboflow_dataset_augmented\4\phone__20250913_152103.jpg,4,False
C:\Users\MithunvelKL\PycharmProjects\Tile_Sorting\data\roboflow_dataset\4\phone__20250913_152103.jpg,C:\Users\MithunvelKL\PycharmProjects\Tile_Sorting\data\roboflow_dataset_augmented\4\phone__20250913_152103_aug0.jpg,4,True
C:\Users\MithunvelKL\PycharmProjects\Tile_Sorting\data\roboflow_dataset\4\phone__20250913_152103.jpg,C:\Users\MithunvelKL\PycharmProjects\Tile_Sorting\data\roboflow_dataset_augmented\4\phone__20250913_152103_aug1.jpg,4,True
C:\Users\MithunvelKL\PycharmProjects\Tile_Sorting\data\roboflow_dataset\4\phone__20250913_152205.jpg,C:\Users\MithunvelKL\PycharmProjects\Tile_Sorting\data\roboflow_dataset_augmented\4\phone__20250913_152205.jpg,4,False
C:\Users\MithunvelKL\PycharmProjects\Tile_Sorting\data\roboflow_dataset\4\phone__20250913_152205.jpg,C:\Users\MithunvelKL\PycharmProjects\Tile_Sorting\data\roboflow_dataset_augmented\4\phone__20250913_152205_aug0.jpg,4,True
C:\Users\MithunvelKL\PycharmProjects\Tile_Sorting\data\roboflow_dataset\4\phone__20250913_152230.jpg,C:\Users\MithunvelKL\PycharmProjects\Tile_Sorting\data\roboflow_dataset_augmented\4\phone__20250913_152230.jpg,4,False
C:\Users\MithunvelKL\PycharmProjects\Tile_Sorting\data\roboflow_dataset\4\phone__20250913_152230.jpg,C:\Users\MithunvelKL\PycharmProjects\Tile_Sorting\data\roboflow_dataset_augmented\4\phone__20250913_152230_aug0.jpg,4,True
C:\Users\MithunvelKL\PycharmProjects\Tile_Sorting\data\roboflow_dataset\4\phone__20250913_152230.jpg,C:\Users\MithunvelKL\PycharmProjects\Tile_Sorting\data\roboflow_dataset_augmented\4\phone__20250913_152230_aug1.jpg,4,True
C:\Users\MithunvelKL\PycharmProjects\Tile_Sorting\data\roboflow_dataset\4\phone__20250913_152413.jpg,C:\Users\MithunvelKL\PycharmProjects\Tile_Sorting\data\roboflow_dataset_augmented\4\phone__20250913_152413.jpg,4,False
C:\Users\MithunvelKL\PycharmProjects\Tile_Sorting\data\roboflow_dataset\4\phone__20250913_152413.jpg,C:\Users\MithunvelKL\PycharmProjects\Tile_Sorting\data\roboflow_dataset_augmented\4\phone__20250913_152413_aug0.jpg,4,True
C:\Users\MithunvelKL\PycharmProjects\Tile_Sorting\data\roboflow_dataset\4\phone__20250913_152413.jpg,C:\Users\MithunvelKL\PycharmProjects\Tile_Sorting\data\roboflow_dataset_augmented\4\phone__20250913_152413_aug1.jpg,4,True
C:\Users\MithunvelKL\PycharmProjects\Tile_Sorting\data\roboflow_dataset\4\phone__20250913_152428.jpg,C:\Users\MithunvelKL\PycharmProjects\Tile_Sorting\data\roboflow_dataset_augmented\4\phone__20250913_152428.jpg,4,False
C:\Users\MithunvelKL\PycharmProjects\Tile_Sorting\data\roboflow_dataset\4\phone__20250913_152428.jpg,C:\Users\MithunvelKL\PycharmProjects\Tile_Sorting\data\roboflow_dataset_augmented\4\phone__20250913_152428_aug0.jpg,4,True
C:\Users\MithunvelKL\PycharmProjects\Tile_Sorting\data\roboflow_dataset\4\phone__20250913_152440.jpg,C:\Users\MithunvelKL\PycharmProjects\Tile_Sorting\data\roboflow_dataset_augmented\4\phone__20250913_152440.jpg,4,False
C:\Users\MithunvelKL\PycharmProjects\Tile_Sorting\data\roboflow_dataset\4\phone__20250913_152440.jpg,C:\Users\MithunvelKL\PycharmProjects\Tile_Sorting\data\roboflow_dataset_augmented\4\phone__20250913_152440_aug0.jpg,4,True
C:\Users\MithunvelKL\PycharmProjects\Tile_Sorting\data\roboflow_dataset\4\phone__20250913_152450.jpg,C:\Users\MithunvelKL\PycharmProjects\Tile_Sorting\data\roboflow_dataset_augmented\4\phone__20250913_152450.jpg,4,False
C:\Users\MithunvelKL\PycharmProjects\Tile_Sorting\data\roboflow_dataset\4\phone__20250913_152450.jpg,C:\Users\MithunvelKL\PycharmProjects\Tile_Sorting\data\roboflow_dataset_augmented\4\phone__20250913_152450_aug0.jpg,4,True
C:\Users\MithunvelKL\PycharmProjects\Tile_Sorting\data\roboflow_dataset\4\phone__20250913_152450.jpg,C:\Users\MithunvelKL\PycharmProjects\Tile_Sorting\data\roboflow_dataset_augmented\4\phone__20250913_152450_aug1.jpg,4,True
C:\Users\MithunvelKL\PycharmProjects\Tile_Sorting\data\roboflow_dataset\4\phone__20250913_152521.jpg,C:\Users\MithunvelKL\PycharmProjects\Tile_Sorting\data\roboflow_dataset_augmented\4\phone__20250913_152521.jpg,4,False
C:\Users\MithunvelKL\PycharmProjects\Tile_Sorting\data\roboflow_dataset\4\phone__20250913_152521.jpg,C:\Users\MithunvelKL\PycharmProjects\Tile_Sorting\data\roboflow_dataset_augmented\4\phone__20250913_152521_aug0.jpg,4,True
C:\Users\MithunvelKL\PycharmProjects\Tile_Sorting\data\roboflow_dataset\4\phone__20250913_152521.jpg,C:\Users\MithunvelKL\PycharmProjects\Tile_Sorting\data\roboflow_dataset_augmented\4\phone__20250913_152521_aug1.jpg,4,True
C:\Users\MithunvelKL\PycharmProjects\Tile_Sorting\data\roboflow_dataset\4\phone__20250913_152535.jpg,C:\Users\MithunvelKL\PycharmProjects\Tile_Sorting\data\roboflow_dataset_augmented\4\phone__20250913_152535.jpg,4,False
C:\Users\MithunvelKL\PycharmProjects\Tile_Sorting\data\roboflow_dataset\4\phone__20250913_152535.jpg,C:\Users\MithunvelKL\PycharmProjects\Tile_Sorting\data\roboflow_dataset_augmented\4\phone__20250913_152535_aug0.jpg,4,True
C:\Users\MithunvelKL\PycharmProjects\Tile_Sorting\data\roboflow_dataset\4\phone__20250913_152535.jpg,C:\Users\MithunvelKL\PycharmProjects\Tile_Sorting\data\roboflow_dataset_augmented\4\phone__20250913_152535_aug1.jpg,4,True
C:\Users\MithunvelKL\PycharmProjects\Tile_Sorting\data\roboflow_dataset\4\phone__20250913_152553.jpg,C:\Users\MithunvelKL\PycharmProjects\Tile_Sorting\data\roboflow_dataset_augmented\4\phone__20250913_152553.jpg,4,False
C:\Users\MithunvelKL\PycharmProjects\Tile_Sorting\data\roboflow_dataset\4\phone__20250913_152553.jpg,C:\Users\MithunvelKL\PycharmProjects\Tile_Sorting\data\roboflow_dataset_augmented\4\phone__20250913_152553_aug0.jpg,4,True
C:\Users\MithunvelKL\PycharmProjects\Tile_Sorting\data\roboflow_dataset\4\phone__20250913_152553.jpg,C:\Users\MithunvelKL\PycharmProjects\Tile_Sorting\data\roboflow_dataset_augmented\4\phone__20250913_152553_aug1.jpg,4,True
C:\Users\MithunvelKL\PycharmProjects\Tile_Sorting\data\roboflow_dataset\4\phone__20250913_152610.jpg,C:\Users\MithunvelKL\PycharmProjects\Tile_Sorting\data\roboflow_dataset_augmented\4\phone__20250913_152610.jpg,4,False
C:\Users\MithunvelKL\PycharmProjects\Tile_Sorting\data\roboflow_dataset\4\phone__20250913_152610.jpg,C:\Users\MithunvelKL\PycharmProjects\Tile_Sorting\data\roboflow_dataset_augmented\4\phone__20250913_152610_aug0.jpg,4,True
C:\Users\MithunvelKL\PycharmProjects\Tile_Sorting\data\roboflow_dataset\4\phone__20250913_152610.jpg,C:\Users\MithunvelKL\PycharmProjects\Tile_Sorting\data\roboflow_dataset_augmented\4\phone__20250913_152610_aug1.jpg,4,True
C:\Users\MithunvelKL\PycharmProjects\Tile_Sorting\data\roboflow_dataset\4\phone__20250913_152651.jpg,C:\Users\MithunvelKL\PycharmProjects\Tile_Sorting\data\roboflow_dataset_augmented\4\phone__20250913_152651.jpg,4,False
C:\Users\MithunvelKL\PycharmProjects\Tile_Sorting\data\roboflow_dataset\4\phone__20250913_152651.jpg,C:\Users\MithunvelKL\PycharmProjects\Tile_Sorting\data\roboflow_dataset_augmented\4\phone__20250913_152651_aug0.jpg,4,True
C:\Users\MithunvelKL\PycharmProjects\Tile_Sorting\data\roboflow_dataset\4\phone__20250913_152651.jpg,C:\Users\MithunvelKL\PycharmProjects\Tile_Sorting\data\roboflow_dataset_augmented\4\phone__20250913_152651_aug1.jpg,4,True
C:\Users\MithunvelKL\PycharmProjects\Tile_Sorting\data\roboflow_dataset\4\phone__20250913_152724.jpg,C:\Users\MithunvelKL\PycharmProjects\Tile_Sorting\data\roboflow_dataset_augmented\4\phone__20250913_152724.jpg,4,False
C:\Users\MithunvelKL\PycharmProjects\Tile_Sorting\data\roboflow_dataset\4\phone__20250913_152724.jpg,C:\Users\MithunvelKL\PycharmProjects\Tile_Sorting\data\roboflow_dataset_augmented\4\phone__20250913_152724_aug0.jpg,4,True
C:\Users\MithunvelKL\PycharmProjects\Tile_Sorting\data\roboflow_dataset\4\phone__20250913_152735.jpg,C:\Users\MithunvelKL\PycharmProjects\Tile_Sorting\data\roboflow_dataset_augmented\4\phone__20250913_152735.jpg,4,False
C:\Users\MithunvelKL\PycharmProjects\Tile_Sorting\data\roboflow_dataset\4\phone__20250913_152735.jpg,C:\Users\MithunvelKL\PycharmProjects\Tile_Sorting\data\roboflow_dataset_augmented\4\phone__20250913_152735_aug0.jpg,4,True
C:\Users\MithunvelKL\PycharmProjects\Tile_Sorting\data\roboflow_dataset\4\phone__20250913_152735.jpg,C:\Users\MithunvelKL\PycharmProjects\Tile_Sorting\data\roboflow_dataset_augmented\4\phone__20250913_152735_aug1.jpg,4,True
C:\Users\MithunvelKL\PycharmProjects\Tile_Sorting\data\roboflow_dataset\4\phone__20250913_152800.jpg,C:\Users\MithunvelKL\PycharmProjects\Tile_Sorting\data\roboflow_dataset_augmented\4\phone__20250913_152800.jpg,4,False
C:\Users\MithunvelKL\PycharmProjects\Tile_Sorting\data\roboflow_dataset\4\phone__20250913_152800.jpg,C:\Users\MithunvelKL\PycharmProjects\Tile_Sorting\data\roboflow_dataset_augmented\4\phone__20250913_152800_aug0.jpg,4,True
C:\Users\MithunvelKL\PycharmProjects\Tile_Sorting\data\roboflow_dataset\4\phone__20250913_152800.jpg,C:\Users\MithunvelKL\PycharmProjects\Tile_Sorting\data\roboflow_dataset_augmented\4\phone__20250913_152800_aug1.jpg,4,True
C:\Users\MithunvelKL\PycharmProjects\Tile_Sorting\data\roboflow_dataset\4\phone__20250913_152845.jpg,C:\Users\MithunvelKL\PycharmProjects\Tile_Sorting\data\roboflow_dataset_augmented\4\phone__20250913_152845.jpg,4,False
C:\Users\MithunvelKL\PycharmProjects\Tile_Sorting\data\roboflow_dataset\4\phone__20250913_152845.jpg,C:\Users\MithunvelKL\PycharmProjects\Tile_Sorting\data\roboflow_dataset_augmented\4\phone__20250913_152845_aug0.jpg,4,True
C:\Users\MithunvelKL\PycharmProjects\Tile_Sorting\data\roboflow_dataset\4\phone__20250913_152859.jpg,C:\Users\MithunvelKL\PycharmProjects\Tile_Sorting\data\roboflow_dataset_augmented\4\phone__20250913_152859.jpg,4,False
C:\Users\MithunvelKL\PycharmProjects\Tile_Sorting\data\roboflow_dataset\4\phone__20250913_152859.jpg,C:\Users\MithunvelKL\PycharmProjects\Tile_Sorting\data\roboflow_dataset_augmented\4\phone__20250913_152859_aug0.jpg,4,True
C:\Users\MithunvelKL\PycharmProjects\Tile_Sorting\data\roboflow_dataset\4\phone__20250913_152859.jpg,C:\Users\MithunvelKL\PycharmProjects\Tile_Sorting\data\roboflow_dataset_augmented\4\phone__20250913_152859_aug1.jpg,4,True
C:\Users\MithunvelKL\PycharmProjects\Tile_Sorting\data\roboflow_dataset\4\phone__20250913_152912.jpg,C:\Users\MithunvelKL\PycharmProjects\Tile_Sorting\data\roboflow_dataset_augmented\4\phone__20250913_152912.jpg,4,False
C:\Users\MithunvelKL\PycharmProjects\Tile_Sorting\data\roboflow_dataset\4\phone__20250913_152912.jpg,C:\Users\MithunvelKL\PycharmProjects\Tile_Sorting\data\roboflow_dataset_augmented\4\phone__20250913_152912_aug0.jpg,4,True
C:\Users\MithunvelKL\PycharmProjects\Tile_Sorting\data\roboflow_dataset\4\phone__20250913_152926.jpg,C:\Users\MithunvelKL\PycharmProjects\Tile_Sorting\data\roboflow_dataset_augmented\4\phone__20250913_152926.jpg,4,False
C:\Users\MithunvelKL\PycharmProjects\Tile_Sorting\data\roboflow_dataset\4\phone__20250913_152926.jpg,C:\Users\MithunvelKL\PycharmProjects\Tile_Sorting\data\roboflow_dataset_augmented\4\phone__20250913_152926_aug0.jpg,4,True
C:\Users\MithunvelKL\PycharmProjects\Tile_Sorting\data\roboflow_dataset\4\phone__20250913_152926.jpg,C:\Users\MithunvelKL\PycharmProjects\Tile_Sorting\data\roboflow_dataset_augmented\4\phone__20250913_152926_aug1.jpg,4,True
C:\Users\MithunvelKL\PycharmProjects\Tile_Sorting\data\roboflow_dataset\5\dslr__DSC_0065.jpg,C:\Users\MithunvelKL\PycharmProjects\Tile_Sorting\data\roboflow_dataset_augmented\5\dslr__DSC_0065.jpg,5,False
C:\Users\MithunvelKL\PycharmProjects\Tile_Sorting\data\roboflow_dataset\5\dslr__DSC_0065.jpg,C:\Users\MithunvelKL\PycharmProjects\Tile_Sorting\data\roboflow_dataset_augmented\5\dslr__DSC_0065_aug0.jpg,5,True
C:\Users\MithunvelKL\PycharmProjects\Tile_Sorting\data\roboflow_dataset\5\dslr__DSC_0066.jpg,C:\Users\MithunvelKL\PycharmProjects\Tile_Sorting\data\roboflow_dataset_augmented\5\dslr__DSC_0066.jpg,5,False
C:\Users\MithunvelKL\PycharmProjects\Tile_Sorting\data\roboflow_dataset\5\dslr__DSC_0066.jpg,C:\Users\MithunvelKL\PycharmProjects\Tile_Sorting\data\roboflow_dataset_augmented\5\dslr__DSC_0066_aug0.jpg,5,True
C:\Users\MithunvelKL\PycharmProjects\Tile_Sorting\data\roboflow_dataset\5\dslr__DSC_0067.jpg,C:\Users\MithunvelKL\PycharmProjects\Tile_Sorting\data\roboflow_dataset_augmented\5\dslr__DSC_0067.jpg,5,False
C:\Users\MithunvelKL\PycharmProjects\Tile_Sorting\data\roboflow_dataset\5\dslr__DSC_0067.jpg,C:\Users\MithunvelKL\PycharmProjects\Tile_Sorting\data\roboflow_dataset_augmented\5\dslr__DSC_0067_aug0.jpg,5,True
C:\Users\MithunvelKL\PycharmProjects\Tile_Sorting\data\roboflow_dataset\5\dslr__DSC_0067.jpg,C:\Users\MithunvelKL\PycharmProjects\Tile_Sorting\data\roboflow_dataset_augmented\5\dslr__DSC_0067_aug1.jpg,5,True
C:\Users\MithunvelKL\PycharmProjects\Tile_Sorting\data\roboflow_dataset\5\dslr__DSC_0068.jpg,C:\Users\MithunvelKL\PycharmProjects\Tile_Sorting\data\roboflow_dataset_augmented\5\dslr__DSC_0068.jpg,5,False
C:\Users\MithunvelKL\PycharmProjects\Tile_Sorting\data\roboflow_dataset\5\dslr__DSC_0068.jpg,C:\Users\MithunvelKL\PycharmProjects\Tile_Sorting\data\roboflow_dataset_augmented\5\dslr__DSC_0068_aug0.jpg,5,True
C:\Users\MithunvelKL\PycharmProjects\Tile_Sorting\data\roboflow_dataset\5\dslr__DSC_0068.jpg,C:\Users\MithunvelKL\PycharmProjects\Tile_Sorting\data\roboflow_dataset_augmented\5\dslr__DSC_0068_aug1.jpg,5,True
C:\Users\MithunvelKL\PycharmProjects\Tile_Sorting\data\roboflow_dataset\5\dslr__DSC_0069.jpg,C:\Users\MithunvelKL\PycharmProjects\Tile_Sorting\data\roboflow_dataset_augmented\5\dslr__DSC_0069.jpg,5,False
C:\Users\MithunvelKL\PycharmProjects\Tile_Sorting\data\roboflow_dataset\5\dslr__DSC_0069.jpg,C:\Users\MithunvelKL\PycharmProjects\Tile_Sorting\data\roboflow_dataset_augmented\5\dslr__DSC_0069_aug0.jpg,5,True
C:\Users\MithunvelKL\PycharmProjects\Tile_Sorting\data\roboflow_dataset\5\dslr__DSC_0070.jpg,C:\Users\MithunvelKL\PycharmProjects\Tile_Sorting\data\roboflow_dataset_augmented\5\dslr__DSC_0070.jpg,5,False
C:\Users\MithunvelKL\PycharmProjects\Tile_Sorting\data\roboflow_dataset\5\dslr__DSC_0070.jpg,C:\Users\MithunvelKL\PycharmProjects\Tile_Sorting\data\roboflow_dataset_augmented\5\dslr__DSC_0070_aug0.jpg,5,True
C:\Users\MithunvelKL\PycharmProjects\Tile_Sorting\data\roboflow_dataset\5\dslr__DSC_0070.jpg,C:\Users\MithunvelKL\PycharmProjects\Tile_Sorting\data\roboflow_dataset_augmented\5\dslr__DSC_0070_aug1.jpg,5,True
C:\Users\MithunvelKL\PycharmProjects\Tile_Sorting\data\roboflow_dataset\5\dslr__DSC_0071.jpg,C:\Users\MithunvelKL\PycharmProjects\Tile_Sorting\data\roboflow_dataset_augmented\5\dslr__DSC_0071.jpg,5,False
C:\Users\MithunvelKL\PycharmProjects\Tile_Sorting\data\roboflow_dataset\5\dslr__DSC_0071.jpg,C:\Users\MithunvelKL\PycharmProjects\Tile_Sorting\data\roboflow_dataset_augmented\5\dslr__DSC_0071_aug0.jpg,5,True
C:\Users\MithunvelKL\PycharmProjects\Tile_Sorting\data\roboflow_dataset\5\dslr__DSC_0071.jpg,C:\Users\MithunvelKL\PycharmProjects\Tile_Sorting\data\roboflow_dataset_augmented\5\dslr__DSC_0071_aug1.jpg,5,True
C:\Users\MithunvelKL\PycharmProjects\Tile_Sorting\data\roboflow_dataset\5\dslr__DSC_0072.jpg,C:\Users\MithunvelKL\PycharmProjects\Tile_Sorting\data\roboflow_dataset_augmented\5\dslr__DSC_0072.jpg,5,False
C:\Users\MithunvelKL\PycharmProjects\Tile_Sorting\data\roboflow_dataset\5\dslr__DSC_0072.jpg,C:\Users\MithunvelKL\PycharmProjects\Tile_Sorting\data\roboflow_dataset_augmented\5\dslr__DSC_0072_aug0.jpg,5,True
C:\Users\MithunvelKL\PycharmProjects\Tile_Sorting\data\roboflow_dataset\5\dslr__DSC_0073.jpg,C:\Users\MithunvelKL\PycharmProjects\Tile_Sorting\data\roboflow_dataset_augmented\5\dslr__DSC_0073.jpg,5,False
C:\Users\MithunvelKL\PycharmProjects\Tile_Sorting\data\roboflow_dataset\5\dslr__DSC_0073.jpg,C:\Users\MithunvelKL\PycharmProjects\Tile_Sorting\data\roboflow_dataset_augmented\5\dslr__DSC_0073_aug0.jpg,5,True
C:\Users\MithunvelKL\PycharmProjects\Tile_Sorting\data\roboflow_dataset\5\dslr__DSC_0074.jpg,C:\Users\MithunvelKL\PycharmProjects\Tile_Sorting\data\roboflow_dataset_augmented\5\dslr__DSC_0074.jpg,5,False
C:\Users\MithunvelKL\PycharmProjects\Tile_Sorting\data\roboflow_dataset\5\dslr__DSC_0074.jpg,C:\Users\MithunvelKL\PycharmProjects\Tile_Sorting\data\roboflow_dataset_augmented\5\dslr__DSC_0074_aug0.jpg,5,True
C:\Users\MithunvelKL\PycharmProjects\Tile_Sorting\data\roboflow_dataset\5\dslr__DSC_0075.jpg,C:\Users\MithunvelKL\PycharmProjects\Tile_Sorting\data\roboflow_dataset_augmented\5\dslr__DSC_0075.jpg,5,False
C:\Users\MithunvelKL\PycharmProjects\Tile_Sorting\data\roboflow_dataset\5\dslr__DSC_0075.jpg,C:\Users\MithunvelKL\PycharmProjects\Tile_Sorting\data\roboflow_dataset_augmented\5\dslr__DSC_0075_aug0.jpg,5,True
C:\Users\MithunvelKL\PycharmProjects\Tile_Sorting\data\roboflow_dataset\5\dslr__DSC_0075.jpg,C:\Users\MithunvelKL\PycharmProjects\Tile_Sorting\data\roboflow_dataset_augmented\5\dslr__DSC_0075_aug1.jpg,5,True
C:\Users\MithunvelKL\PycharmProjects\Tile_Sorting\data\roboflow_dataset\5\dslr__DSC_0076.jpg,C:\Users\MithunvelKL\PycharmProjects\Tile_Sorting\data\roboflow_dataset_augmented\5\dslr__DSC_0076.jpg,5,False
C:\Users\MithunvelKL\PycharmProjects\Tile_Sorting\data\roboflow_dataset\5\dslr__DSC_0076.jpg,C:\Users\MithunvelKL\PycharmProjects\Tile_Sorting\data\roboflow_dataset_augmented\5\dslr__DSC_0076_aug0.jpg,5,True
C:\Users\MithunvelKL\PycharmProjects\Tile_Sorting\data\roboflow_dataset\5\dslr__DSC_0076.jpg,C:\Users\MithunvelKL\PycharmProjects\Tile_Sorting\data\roboflow_dataset_augmented\5\dslr__DSC_0076_aug1.jpg,5,True
C:\Users\MithunvelKL\PycharmProjects\Tile_Sorting\data\roboflow_dataset\5\dslr__DSC_0077.jpg,C:\Users\MithunvelKL\PycharmProjects\Tile_Sorting\data\roboflow_dataset_augmented\5\dslr__DSC_0077.jpg,5,False
C:\Users\MithunvelKL\PycharmProjects\Tile_Sorting\data\roboflow_dataset\5\dslr__DSC_0077.jpg,C:\Users\MithunvelKL\PycharmProjects\Tile_Sorting\data\roboflow_dataset_augmented\5\dslr__DSC_0077_aug0.jpg,5,True
C:\Users\MithunvelKL\PycharmProjects\Tile_Sorting\data\roboflow_dataset\5\dslr__DSC_0078.jpg,C:\Users\MithunvelKL\PycharmProjects\Tile_Sorting\data\roboflow_dataset_augmented\5\dslr__DSC_0078.jpg,5,False
C:\Users\MithunvelKL\PycharmProjects\Tile_Sorting\data\roboflow_dataset\5\dslr__DSC_0078.jpg,C:\Users\MithunvelKL\PycharmProjects\Tile_Sorting\data\roboflow_dataset_augmented\5\dslr__DSC_0078_aug0.jpg,5,True
C:\Users\MithunvelKL\PycharmProjects\Tile_Sorting\data\roboflow_dataset\5\dslr__DSC_0078.jpg,C:\Users\MithunvelKL\PycharmProjects\Tile_Sorting\data\roboflow_dataset_augmented\5\dslr__DSC_0078_aug1.jpg,5,True
C:\Users\MithunvelKL\PycharmProjects\Tile_Sorting\data\roboflow_dataset\5\dslr__DSC_0079.jpg,C:\Users\MithunvelKL\PycharmProjects\Tile_Sorting\data\roboflow_dataset_augmented\5\dslr__DSC_0079.jpg,5,False
C:\Users\MithunvelKL\PycharmProjects\Tile_Sorting\data\roboflow_dataset\5\dslr__DSC_0079.jpg,C:\Users\MithunvelKL\PycharmProjects\Tile_Sorting\data\roboflow_dataset_augmented\5\dslr__DSC_0079_aug0.jpg,5,True
C:\Users\MithunvelKL\PycharmProjects\Tile_Sorting\data\roboflow_dataset\5\dslr__DSC_0079.jpg,C:\Users\MithunvelKL\PycharmProjects\Tile_Sorting\data\roboflow_dataset_augmented\5\dslr__DSC_0079_aug1.jpg,5,True
C:\Users\MithunvelKL\PycharmProjects\Tile_Sorting\data\roboflow_dataset\5\dslr__DSC_0080.jpg,C:\Users\MithunvelKL\PycharmProjects\Tile_Sorting\data\roboflow_dataset_augmented\5\dslr__DSC_0080.jpg,5,False
C:\Users\MithunvelKL\PycharmProjects\Tile_Sorting\data\roboflow_dataset\5\dslr__DSC_0080.jpg,C:\Users\MithunvelKL\PycharmProjects\Tile_Sorting\data\roboflow_dataset_augmented\5\dslr__DSC_0080_aug0.jpg,5,True
C:\Users\MithunvelKL\PycharmProjects\Tile_Sorting\data\roboflow_dataset\5\dslr__DSC_0080.jpg,C:\Users\MithunvelKL\PycharmProjects\Tile_Sorting\data\roboflow_dataset_augmented\5\dslr__DSC_0080_aug1.jpg,5,True
C:\Users\MithunvelKL\PycharmProjects\Tile_Sorting\data\roboflow_dataset\5\dslr__DSC_0081.jpg,C:\Users\MithunvelKL\PycharmProjects\Tile_Sorting\data\roboflow_dataset_augmented\5\dslr__DSC_0081.jpg,5,False
C:\Users\MithunvelKL\PycharmProjects\Tile_Sorting\data\roboflow_dataset\5\dslr__DSC_0081.jpg,C:\Users\MithunvelKL\PycharmProjects\Tile_Sorting\data\roboflow_dataset_augmented\5\dslr__DSC_0081_aug0.jpg,5,True
C:\Users\MithunvelKL\PycharmProjects\Tile_Sorting\data\roboflow_dataset\5\dslr__DSC_0081.jpg,C:\Users\MithunvelKL\PycharmProjects\Tile_Sorting\data\roboflow_dataset_augmented\5\dslr__DSC_0081_aug1.jpg,5,True
C:\Users\MithunvelKL\PycharmProjects\Tile_Sorting\data\roboflow_dataset\5\dslr__DSC_0082.jpg,C:\Users\MithunvelKL\PycharmProjects\Tile_Sorting\data\roboflow_dataset_augmented\5\dslr__DSC_0082.jpg,5,False
C:\Users\MithunvelKL\PycharmProjects\Tile_Sorting\data\roboflow_dataset\5\dslr__DSC_0082.jpg,C:\Users\MithunvelKL\PycharmProjects\Tile_Sorting\data\roboflow_dataset_augmented\5\dslr__DSC_0082_aug0.jpg,5,True
C:\Users\MithunvelKL\PycharmProjects\Tile_Sorting\data\roboflow_dataset\5\dslr__DSC_0082.jpg,C:\Users\MithunvelKL\PycharmProjects\Tile_Sorting\data\roboflow_dataset_augmented\5\dslr__DSC_0082_aug1.jpg,5,True
C:\Users\MithunvelKL\PycharmProjects\Tile_Sorting\data\roboflow_dataset\5\dslr__DSC_0083.jpg,C:\Users\MithunvelKL\PycharmProjects\Tile_Sorting\data\roboflow_dataset_augmented\5\dslr__DSC_0083.jpg,5,False
C:\Users\MithunvelKL\PycharmProjects\Tile_Sorting\data\roboflow_dataset\5\dslr__DSC_0083.jpg,C:\Users\MithunvelKL\PycharmProjects\Tile_Sorting\data\roboflow_dataset_augmented\5\dslr__DSC_0083_aug0.jpg,5,True
C:\Users\MithunvelKL\PycharmProjects\Tile_Sorting\data\roboflow_dataset\5\dslr__DSC_0084.jpg,C:\Users\MithunvelKL\PycharmProjects\Tile_Sorting\data\roboflow_dataset_augmented\5\dslr__DSC_0084.jpg,5,False
C:\Users\MithunvelKL\PycharmProjects\Tile_Sorting\data\roboflow_dataset\5\dslr__DSC_0084.jpg,C:\Users\MithunvelKL\PycharmProjects\Tile_Sorting\data\roboflow_dataset_augmented\5\dslr__DSC_0084_aug0.jpg,5,True
C:\Users\MithunvelKL\PycharmProjects\Tile_Sorting\data\roboflow_dataset\5\dslr__DSC_0084.jpg,C:\Users\MithunvelKL\PycharmProjects\Tile_Sorting\data\roboflow_dataset_augmented\5\dslr__DSC_0084_aug1.jpg,5,True
C:\Users\MithunvelKL\PycharmProjects\Tile_Sorting\data\roboflow_dataset\5\dslr__DSC_0085.jpg,C:\Users\MithunvelKL\PycharmProjects\Tile_Sorting\data\roboflow_dataset_augmented\5\dslr__DSC_0085.jpg,5,False
C:\Users\MithunvelKL\PycharmProjects\Tile_Sorting\data\roboflow_dataset\5\dslr__DSC_0085.jpg,C:\Users\MithunvelKL\PycharmProjects\Tile_Sorting\data\roboflow_dataset_augmented\5\dslr__DSC_0085_aug0.jpg,5,True
C:\Users\MithunvelKL\PycharmProjects\Tile_Sorting\data\roboflow_dataset\5\dslr__DSC_0086.jpg,C:\Users\MithunvelKL\PycharmProjects\Tile_Sorting\data\roboflow_dataset_augmented\5\dslr__DSC_0086.jpg,5,False
C:\Users\MithunvelKL\PycharmProjects\Tile_Sorting\data\roboflow_dataset\5\dslr__DSC_0086.jpg,C:\Users\MithunvelKL\PycharmProjects\Tile_Sorting\data\roboflow_dataset_augmented\5\dslr__DSC_0086_aug0.jpg,5,True
C:\Users\MithunvelKL\PycharmProjects\Tile_Sorting\data\roboflow_dataset\5\dslr__DSC_0087.jpg,C:\Users\MithunvelKL\PycharmProjects\Tile_Sorting\data\roboflow_dataset_augmented\5\dslr__DSC_0087.jpg,5,False
C:\Users\MithunvelKL\PycharmProjects\Tile_Sorting\data\roboflow_dataset\5\dslr__DSC_0087.jpg,C:\Users\MithunvelKL\PycharmProjects\Tile_Sorting\data\roboflow_dataset_augmented\5\dslr__DSC_0087_aug0.jpg,5,True
C:\Users\MithunvelKL\PycharmProjects\Tile_Sorting\data\roboflow_dataset\5\dslr__DSC_0087.jpg,C:\Users\MithunvelKL\PycharmProjects\Tile_Sorting\data\roboflow_dataset_augmented\5\dslr__DSC_0087_aug1.jpg,5,True
C:\Users\MithunvelKL\PycharmProjects\Tile_Sorting\data\roboflow_dataset\5\dslr__DSC_0088.jpg,C:\Users\MithunvelKL\PycharmProjects\Tile_Sorting\data\roboflow_dataset_augmented\5\dslr__DSC_0088.jpg,5,False
C:\Users\MithunvelKL\PycharmProjects\Tile_Sorting\data\roboflow_dataset\5\dslr__DSC_0088.jpg,C:\Users\MithunvelKL\PycharmProjects\Tile_Sorting\data\roboflow_dataset_augmented\5\dslr__DSC_0088_aug0.jpg,5,True
C:\Users\MithunvelKL\PycharmProjects\Tile_Sorting\data\roboflow_dataset\5\dslr__DSC_0089.jpg,C:\Users\MithunvelKL\PycharmProjects\Tile_Sorting\data\roboflow_dataset_augmented\5\dslr__DSC_0089.jpg,5,False
C:\Users\MithunvelKL\PycharmProjects\Tile_Sorting\data\roboflow_dataset\5\dslr__DSC_0089.jpg,C:\Users\MithunvelKL\PycharmProjects\Tile_Sorting\data\roboflow_dataset_augmented\5\dslr__DSC_0089_aug0.jpg,5,True
C:\Users\MithunvelKL\PycharmProjects\Tile_Sorting\data\roboflow_dataset\5\dslr__DSC_0089.jpg,C:\Users\MithunvelKL\PycharmProjects\Tile_Sorting\data\roboflow_dataset_augmented\5\dslr__DSC_0089_aug1.jpg,5,True
C:\Users\MithunvelKL\PycharmProjects\Tile_Sorting\data\roboflow_dataset\5\dslr__DSC_0090.jpg,C:\Users\MithunvelKL\PycharmProjects\Tile_Sorting\data\roboflow_dataset_augmented\5\dslr__DSC_0090.jpg,5,False
C:\Users\MithunvelKL\PycharmProjects\Tile_Sorting\data\roboflow_dataset\5\dslr__DSC_0090.jpg,C:\Users\MithunvelKL\PycharmProjects\Tile_Sorting\data\roboflow_dataset_augmented\5\dslr__DSC_0090_aug0.jpg,5,True
C:\Users\MithunvelKL\PycharmProjects\Tile_Sorting\data\roboflow_dataset\5\dslr__DSC_0090.jpg,C:\Users\MithunvelKL\PycharmProjects\Tile_Sorting\data\roboflow_dataset_augmented\5\dslr__DSC_0090_aug1.jpg,5,True
C:\Users\MithunvelKL\PycharmProjects\Tile_Sorting\data\roboflow_dataset\5\dslr__DSC_0091.jpg,C:\Users\MithunvelKL\PycharmProjects\Tile_Sorting\data\roboflow_dataset_augmented\5\dslr__DSC_0091.jpg,5,False
C:\Users\MithunvelKL\PycharmProjects\Tile_Sorting\data\roboflow_dataset\5\dslr__DSC_0091.jpg,C:\Users\MithunvelKL\PycharmProjects\Tile_Sorting\data\roboflow_dataset_augmented\5\dslr__DSC_0091_aug0.jpg,5,True
C:\Users\MithunvelKL\PycharmProjects\Tile_Sorting\data\roboflow_dataset\5\dslr__DSC_0092.jpg,C:\Users\MithunvelKL\PycharmProjects\Tile_Sorting\data\roboflow_dataset_augmented\5\dslr__DSC_0092.jpg,5,False
C:\Users\MithunvelKL\PycharmProjects\Tile_Sorting\data\roboflow_dataset\5\dslr__DSC_0092.jpg,C:\Users\MithunvelKL\PycharmProjects\Tile_Sorting\data\roboflow_dataset_augmented\5\dslr__DSC_0092_aug0.jpg,5,True
C:\Users\MithunvelKL\PycharmProjects\Tile_Sorting\data\roboflow_dataset\5\dslr__DSC_0092.jpg,C:\Users\MithunvelKL\PycharmProjects\Tile_Sorting\data\roboflow_dataset_augmented\5\dslr__DSC_0092_aug1.jpg,5,True
C:\Users\MithunvelKL\PycharmProjects\Tile_Sorting\data\roboflow_dataset\5\dslr__DSC_0093.jpg,C:\Users\MithunvelKL\PycharmProjects\Tile_Sorting\data\roboflow_dataset_augmented\5\dslr__DSC_0093.jpg,5,False
C:\Users\MithunvelKL\PycharmProjects\Tile_Sorting\data\roboflow_dataset\5\dslr__DSC_0093.jpg,C:\Users\MithunvelKL\PycharmProjects\Tile_Sorting\data\roboflow_dataset_augmented\5\dslr__DSC_0093_aug0.jpg,5,True
C:\Users\MithunvelKL\PycharmProjects\Tile_Sorting\data\roboflow_dataset\5\dslr__DSC_0093.jpg,C:\Users\MithunvelKL\PycharmProjects\Tile_Sorting\data\roboflow_dataset_augmented\5\dslr__DSC_0093_aug1.jpg,5,True
C:\Users\MithunvelKL\PycharmProjects\Tile_Sorting\data\roboflow_dataset\5\dslr__DSC_0094.jpg,C:\Users\MithunvelKL\PycharmProjects\Tile_Sorting\data\roboflow_dataset_augmented\5\dslr__DSC_0094.jpg,5,False
C:\Users\MithunvelKL\PycharmProjects\Tile_Sorting\data\roboflow_dataset\5\dslr__DSC_0094.jpg,C:\Users\MithunvelKL\PycharmProjects\Tile_Sorting\data\roboflow_dataset_augmented\5\dslr__DSC_0094_aug0.jpg,5,True
C:\Users\MithunvelKL\PycharmProjects\Tile_Sorting\data\roboflow_dataset\5\dslr__DSC_0094.jpg,C:\Users\MithunvelKL\PycharmProjects\Tile_Sorting\data\roboflow_dataset_augmented\5\dslr__DSC_0094_aug1.jpg,5,True
C:\Users\MithunvelKL\PycharmProjects\Tile_Sorting\data\roboflow_dataset\5\dslr__DSC_0095.jpg,C:\Users\MithunvelKL\PycharmProjects\Tile_Sorting\data\roboflow_dataset_augmented\5\dslr__DSC_0095.jpg,5,False
C:\Users\MithunvelKL\PycharmProjects\Tile_Sorting\data\roboflow_dataset\5\dslr__DSC_0095.jpg,C:\Users\MithunvelKL\PycharmProjects\Tile_Sorting\data\roboflow_dataset_augmented\5\dslr__DSC_0095_aug0.jpg,5,True
C:\Users\MithunvelKL\PycharmProjects\Tile_Sorting\data\roboflow_dataset\5\dslr__DSC_0095.jpg,C:\Users\MithunvelKL\PycharmProjects\Tile_Sorting\data\roboflow_dataset_augmented\5\dslr__DSC_0095_aug1.jpg,5,True
C:\Users\MithunvelKL\PycharmProjects\Tile_Sorting\data\roboflow_dataset\5\dslr__DSC_0096.jpg,C:\Users\MithunvelKL\PycharmProjects\Tile_Sorting\data\roboflow_dataset_augmented\5\dslr__DSC_0096.jpg,5,False
C:\Users\MithunvelKL\PycharmProjects\Tile_Sorting\data\roboflow_dataset\5\dslr__DSC_0096.jpg,C:\Users\MithunvelKL\PycharmProjects\Tile_Sorting\data\roboflow_dataset_augmented\5\dslr__DSC_0096_aug0.jpg,5,True
C:\Users\MithunvelKL\PycharmProjects\Tile_Sorting\data\roboflow_dataset\5\dslr__DSC_0096.jpg,C:\Users\MithunvelKL\PycharmProjects\Tile_Sorting\data\roboflow_dataset_augmented\5\dslr__DSC_0096_aug1.jpg,5,True
C:\Users\MithunvelKL\PycharmProjects\Tile_Sorting\data\roboflow_dataset\5\phone__20250912_105454.jpg,C:\Users\MithunvelKL\PycharmProjects\Tile_Sorting\data\roboflow_dataset_augmented\5\phone__20250912_105454.jpg,5,False
C:\Users\MithunvelKL\PycharmProjects\Tile_Sorting\data\roboflow_dataset\5\phone__20250912_105454.jpg,C:\Users\MithunvelKL\PycharmProjects\Tile_Sorting\data\roboflow_dataset_augmented\5\phone__20250912_105454_aug0.jpg,5,True
C:\Users\MithunvelKL\PycharmProjects\Tile_Sorting\data\roboflow_dataset\5\phone__20250912_105454.jpg,C:\Users\MithunvelKL\PycharmProjects\Tile_Sorting\data\roboflow_dataset_augmented\5\phone__20250912_105454_aug1.jpg,5,True
C:\Users\MithunvelKL\PycharmProjects\Tile_Sorting\data\roboflow_dataset\5\phone__20250912_105506.jpg,C:\Users\MithunvelKL\PycharmProjects\Tile_Sorting\data\roboflow_dataset_augmented\5\phone__20250912_105506.jpg,5,False
C:\Users\MithunvelKL\PycharmProjects\Tile_Sorting\data\roboflow_dataset\5\phone__20250912_105506.jpg,C:\Users\MithunvelKL\PycharmProjects\Tile_Sorting\data\roboflow_dataset_augmented\5\phone__20250912_105506_aug0.jpg,5,True
C:\Users\MithunvelKL\PycharmProjects\Tile_Sorting\data\roboflow_dataset\5\phone__20250912_105506.jpg,C:\Users\MithunvelKL\PycharmProjects\Tile_Sorting\data\roboflow_dataset_augmented\5\phone__20250912_105506_aug1.jpg,5,True
C:\Users\MithunvelKL\PycharmProjects\Tile_Sorting\data\roboflow_dataset\5\phone__20250912_105521.jpg,C:\Users\MithunvelKL\PycharmProjects\Tile_Sorting\data\roboflow_dataset_augmented\5\phone__20250912_105521.jpg,5,False
C:\Users\MithunvelKL\PycharmProjects\Tile_Sorting\data\roboflow_dataset\5\phone__20250912_105521.jpg,C:\Users\MithunvelKL\PycharmProjects\Tile_Sorting\data\roboflow_dataset_augmented\5\phone__20250912_105521_aug0.jpg,5,True
C:\Users\MithunvelKL\PycharmProjects\Tile_Sorting\data\roboflow_dataset\5\phone__20250912_105521.jpg,C:\Users\MithunvelKL\PycharmProjects\Tile_Sorting\data\roboflow_dataset_augmented\5\phone__20250912_105521_aug1.jpg,5,True
C:\Users\MithunvelKL\PycharmProjects\Tile_Sorting\data\roboflow_dataset\5\phone__20250912_105538.jpg,C:\Users\MithunvelKL\PycharmProjects\Tile_Sorting\data\roboflow_dataset_augmented\5\phone__20250912_105538.jpg,5,False
C:\Users\MithunvelKL\PycharmProjects\Tile_Sorting\data\roboflow_dataset\5\phone__20250912_105538.jpg,C:\Users\MithunvelKL\PycharmProjects\Tile_Sorting\data\roboflow_dataset_augmented\5\phone__20250912_105538_aug0.jpg,5,True
C:\Users\MithunvelKL\PycharmProjects\Tile_Sorting\data\roboflow_dataset\5\phone__20250912_105551.jpg,C:\Users\MithunvelKL\PycharmProjects\Tile_Sorting\data\roboflow_dataset_augmented\5\phone__20250912_105551.jpg,5,False
C:\Users\MithunvelKL\PycharmProjects\Tile_Sorting\data\roboflow_dataset\5\phone__20250912_105551.jpg,C:\Users\MithunvelKL\PycharmProjects\Tile_Sorting\data\roboflow_dataset_augmented\5\phone__20250912_105551_aug0.jpg,5,True
C:\Users\MithunvelKL\PycharmProjects\Tile_Sorting\data\roboflow_dataset\5\phone__20250912_105551.jpg,C:\Users\MithunvelKL\PycharmProjects\Tile_Sorting\data\roboflow_dataset_augmented\5\phone__20250912_105551_aug1.jpg,5,True
C:\Users\MithunvelKL\PycharmProjects\Tile_Sorting\data\roboflow_dataset\5\phone__20250912_105638.jpg,C:\Users\MithunvelKL\PycharmProjects\Tile_Sorting\data\roboflow_dataset_augmented\5\phone__20250912_105638.jpg,5,False
C:\Users\MithunvelKL\PycharmProjects\Tile_Sorting\data\roboflow_dataset\5\phone__20250912_105638.jpg,C:\Users\MithunvelKL\PycharmProjects\Tile_Sorting\data\roboflow_dataset_augmented\5\phone__20250912_105638_aug0.jpg,5,True
C:\Users\MithunvelKL\PycharmProjects\Tile_Sorting\data\roboflow_dataset\5\phone__20250912_105705.jpg,C:\Users\MithunvelKL\PycharmProjects\Tile_Sorting\data\roboflow_dataset_augmented\5\phone__20250912_105705.jpg,5,False
C:\Users\MithunvelKL\PycharmProjects\Tile_Sorting\data\roboflow_dataset\5\phone__20250912_105705.jpg,C:\Users\MithunvelKL\PycharmProjects\Tile_Sorting\data\roboflow_dataset_augmented\5\phone__20250912_105705_aug0.jpg,5,True
C:\Users\MithunvelKL\PycharmProjects\Tile_Sorting\data\roboflow_dataset\5\phone__20250912_105705.jpg,C:\Users\MithunvelKL\PycharmProjects\Tile_Sorting\data\roboflow_dataset_augmented\5\phone__20250912_105705_aug1.jpg,5,True
C:\Users\MithunvelKL\PycharmProjects\Tile_Sorting\data\roboflow_dataset\5\phone__20250912_105720.jpg,C:\Users\MithunvelKL\PycharmProjects\Tile_Sorting\data\roboflow_dataset_augmented\5\phone__20250912_105720.jpg,5,False
C:\Users\MithunvelKL\PycharmProjects\Tile_Sorting\data\roboflow_dataset\5\phone__20250912_105720.jpg,C:\Users\MithunvelKL\PycharmProjects\Tile_Sorting\data\roboflow_dataset_augmented\5\phone__20250912_105720_aug0.jpg,5,True
C:\Users\MithunvelKL\PycharmProjects\Tile_Sorting\data\roboflow_dataset\5\phone__20250912_105733.jpg,C:\Users\MithunvelKL\PycharmProjects\Tile_Sorting\data\roboflow_dataset_augmented\5\phone__20250912_105733.jpg,5,False
C:\Users\MithunvelKL\PycharmProjects\Tile_Sorting\data\roboflow_dataset\5\phone__20250912_105733.jpg,C:\Users\MithunvelKL\PycharmProjects\Tile_Sorting\data\roboflow_dataset_augmented\5\phone__20250912_105733_aug0.jpg,5,True
C:\Users\MithunvelKL\PycharmProjects\Tile_Sorting\data\roboflow_dataset\5\phone__20250912_105747.jpg,C:\Users\MithunvelKL\PycharmProjects\Tile_Sorting\data\roboflow_dataset_augmented\5\phone__20250912_105747.jpg,5,False
C:\Users\MithunvelKL\PycharmProjects\Tile_Sorting\data\roboflow_dataset\5\phone__20250912_105747.jpg,C:\Users\MithunvelKL\PycharmProjects\Tile_Sorting\data\roboflow_dataset_augmented\5\phone__20250912_105747_aug0.jpg,5,True
C:\Users\MithunvelKL\PycharmProjects\Tile_Sorting\data\roboflow_dataset\5\phone__20250912_105747.jpg,C:\Users\MithunvelKL\PycharmProjects\Tile_Sorting\data\roboflow_dataset_augmented\5\phone__20250912_105747_aug1.jpg,5,True
C:\Users\MithunvelKL\PycharmProjects\Tile_Sorting\data\roboflow_dataset\5\phone__20250912_105836.jpg,C:\Users\MithunvelKL\PycharmProjects\Tile_Sorting\data\roboflow_dataset_augmented\5\phone__20250912_105836.jpg,5,False
C:\Users\MithunvelKL\PycharmProjects\Tile_Sorting\data\roboflow_dataset\5\phone__20250912_105836.jpg,C:\Users\MithunvelKL\PycharmProjects\Tile_Sorting\data\roboflow_dataset_augmented\5\phone__20250912_105836_aug0.jpg,5,True
C:\Users\MithunvelKL\PycharmProjects\Tile_Sorting\data\roboflow_dataset\5\phone__20250912_105836.jpg,C:\Users\MithunvelKL\PycharmProjects\Tile_Sorting\data\roboflow_dataset_augmented\5\phone__20250912_105836_aug1.jpg,5,True
C:\Users\MithunvelKL\PycharmProjects\Tile_Sorting\data\roboflow_dataset\5\phone__20250912_105927.jpg,C:\Users\MithunvelKL\PycharmProjects\Tile_Sorting\data\roboflow_dataset_augmented\5\phone__20250912_105927.jpg,5,False
C:\Users\MithunvelKL\PycharmProjects\Tile_Sorting\data\roboflow_dataset\5\phone__20250912_105927.jpg,C:\Users\MithunvelKL\PycharmProjects\Tile_Sorting\data\roboflow_dataset_augmented\5\phone__20250912_105927_aug0.jpg,5,True
C:\Users\MithunvelKL\PycharmProjects\Tile_Sorting\data\roboflow_dataset\5\phone__20250912_105946.jpg,C:\Users\MithunvelKL\PycharmProjects\Tile_Sorting\data\roboflow_dataset_augmented\5\phone__20250912_105946.jpg,5,False
C:\Users\MithunvelKL\PycharmProjects\Tile_Sorting\data\roboflow_dataset\5\phone__20250912_105946.jpg,C:\Users\MithunvelKL\PycharmProjects\Tile_Sorting\data\roboflow_dataset_augmented\5\phone__20250912_105946_aug0.jpg,5,True
C:\Users\MithunvelKL\PycharmProjects\Tile_Sorting\data\roboflow_dataset\5\phone__20250912_110001.jpg,C:\Users\MithunvelKL\PycharmProjects\Tile_Sorting\data\roboflow_dataset_augmented\5\phone__20250912_110001.jpg,5,False
C:\Users\MithunvelKL\PycharmProjects\Tile_Sorting\data\roboflow_dataset\5\phone__20250912_110001.jpg,C:\Users\MithunvelKL\PycharmProjects\Tile_Sorting\data\roboflow_dataset_augmented\5\phone__20250912_110001_aug0.jpg,5,True
C:\Users\MithunvelKL\PycharmProjects\Tile_Sorting\data\roboflow_dataset\5\phone__20250912_110017.jpg,C:\Users\MithunvelKL\PycharmProjects\Tile_Sorting\data\roboflow_dataset_augmented\5\phone__20250912_110017.jpg,5,False
C:\Users\MithunvelKL\PycharmProjects\Tile_Sorting\data\roboflow_dataset\5\phone__20250912_110017.jpg,C:\Users\MithunvelKL\PycharmProjects\Tile_Sorting\data\roboflow_dataset_augmented\5\phone__20250912_110017_aug0.jpg,5,True
C:\Users\MithunvelKL\PycharmProjects\Tile_Sorting\data\roboflow_dataset\5\phone__20250912_110109.jpg,C:\Users\MithunvelKL\PycharmProjects\Tile_Sorting\data\roboflow_dataset_augmented\5\phone__20250912_110109.jpg,5,False
C:\Users\MithunvelKL\PycharmProjects\Tile_Sorting\data\roboflow_dataset\5\phone__20250912_110109.jpg,C:\Users\MithunvelKL\PycharmProjects\Tile_Sorting\data\roboflow_dataset_augmented\5\phone__20250912_110109_aug0.jpg,5,True
C:\Users\MithunvelKL\PycharmProjects\Tile_Sorting\data\roboflow_dataset\5\phone__20250912_110109.jpg,C:\Users\MithunvelKL\PycharmProjects\Tile_Sorting\data\roboflow_dataset_augmented\5\phone__20250912_110109_aug1.jpg,5,True
C:\Users\MithunvelKL\PycharmProjects\Tile_Sorting\data\roboflow_dataset\5\phone__20250912_110122.jpg,C:\Users\MithunvelKL\PycharmProjects\Tile_Sorting\data\roboflow_dataset_augmented\5\phone__20250912_110122.jpg,5,False
C:\Users\MithunvelKL\PycharmProjects\Tile_Sorting\data\roboflow_dataset\5\phone__20250912_110122.jpg,C:\Users\MithunvelKL\PycharmProjects\Tile_Sorting\data\roboflow_dataset_augmented\5\phone__20250912_110122_aug0.jpg,5,True
C:\Users\MithunvelKL\PycharmProjects\Tile_Sorting\data\roboflow_dataset\5\phone__20250912_110150.jpg,C:\Users\MithunvelKL\PycharmProjects\Tile_Sorting\data\roboflow_dataset_augmented\5\phone__20250912_110150.jpg,5,False
C:\Users\MithunvelKL\PycharmProjects\Tile_Sorting\data\roboflow_dataset\5\phone__20250912_110150.jpg,C:\Users\MithunvelKL\PycharmProjects\Tile_Sorting\data\roboflow_dataset_augmented\5\phone__20250912_110150_aug0.jpg,5,True
C:\Users\MithunvelKL\PycharmProjects\Tile_Sorting\data\roboflow_dataset\5\phone__20250912_110150.jpg,C:\Users\MithunvelKL\PycharmProjects\Tile_Sorting\data\roboflow_dataset_augmented\5\phone__20250912_110150_aug1.jpg,5,True
C:\Users\MithunvelKL\PycharmProjects\Tile_Sorting\data\roboflow_dataset\5\phone__20250912_110224.jpg,C:\Users\MithunvelKL\PycharmProjects\Tile_Sorting\data\roboflow_dataset_augmented\5\phone__20250912_110224.jpg,5,False
C:\Users\MithunvelKL\PycharmProjects\Tile_Sorting\data\roboflow_dataset\5\phone__20250912_110224.jpg,C:\Users\MithunvelKL\PycharmProjects\Tile_Sorting\data\roboflow_dataset_augmented\5\phone__20250912_110224_aug0.jpg,5,True
C:\Users\MithunvelKL\PycharmProjects\Tile_Sorting\data\roboflow_dataset\5\phone__20250912_110224.jpg,C:\Users\MithunvelKL\PycharmProjects\Tile_Sorting\data\roboflow_dataset_augmented\5\phone__20250912_110224_aug1.jpg,5,True
C:\Users\MithunvelKL\PycharmProjects\Tile_Sorting\data\roboflow_dataset\5\phone__20250912_110239.jpg,C:\Users\MithunvelKL\PycharmProjects\Tile_Sorting\data\roboflow_dataset_augmented\5\phone__20250912_110239.jpg,5,False
C:\Users\MithunvelKL\PycharmProjects\Tile_Sorting\data\roboflow_dataset\5\phone__20250912_110239.jpg,C:\Users\MithunvelKL\PycharmProjects\Tile_Sorting\data\roboflow_dataset_augmented\5\phone__20250912_110239_aug0.jpg,5,True
C:\Users\MithunvelKL\PycharmProjects\Tile_Sorting\data\roboflow_dataset\5\phone__20250912_110239.jpg,C:\Users\MithunvelKL\PycharmProjects\Tile_Sorting\data\roboflow_dataset_augmented\5\phone__20250912_110239_aug1.jpg,5,True
C:\Users\MithunvelKL\PycharmProjects\Tile_Sorting\data\roboflow_dataset\5\phone__20250912_110251.jpg,C:\Users\MithunvelKL\PycharmProjects\Tile_Sorting\data\roboflow_dataset_augmented\5\phone__20250912_110251.jpg,5,False
C:\Users\MithunvelKL\PycharmProjects\Tile_Sorting\data\roboflow_dataset\5\phone__20250912_110251.jpg,C:\Users\MithunvelKL\PycharmProjects\Tile_Sorting\data\roboflow_dataset_augmented\5\phone__20250912_110251_aug0.jpg,5,True
C:\Users\MithunvelKL\PycharmProjects\Tile_Sorting\data\roboflow_dataset\5\phone__20250912_110251.jpg,C:\Users\MithunvelKL\PycharmProjects\Tile_Sorting\data\roboflow_dataset_augmented\5\phone__20250912_110251_aug1.jpg,5,True
